Date,FWHP,CHOKE,TIME PROD,OIL,WATER,GROSS,GAS,WC,GOR,CUMM OIL,CUMM OIL
21-Mar-24,- ,S/I ,- ,- ,- ,- ,- ,- ,- ,"2,076,926 ","2,077 "
22-Mar-24,180 ,128 ,19 ,- ,"1,429 ","1,429 ",0,100.00 ,- ,"2,076,926 ","2,077 "
23-Mar-24,180 ,128 ,24 ,- ,"1,753 ","1,753 ",0 ,100.00 ,- ,"2,076,926 ","2,077 "
24-Mar-24,200 ,128 ,24 ,11 ,"1,745 ","1,756 ",235 ,99.37 ,"21,209 ","2,076,937 ","2,077 "
25-Mar-24,180 ,128 ,24 ,36 ,"1,855 ","1,890 ",209 ,98.12 ,"5,885 ","2,076,972 ","2,077 "
26-Mar-24,180 ,128 ,24 ,82 ,"1,786 ","1,868 ",265 ,95.63 ,"3,253 ","2,077,054 ","2,077 "
27-Mar-24,195 ,128 ,24 ,69 ,"1,736 ","1,805 ",401 ,96.18 ,"5,827 ","2,077,123 ","2,077 "
28-Mar-24,190 ,128 ,24 ,107 ,"1,744 ","1,851 ",244 ,94.23 ,"2,284 ","2,077,230 ","2,077 "
29-Mar-24,185 ,128 ,24 ,104 ,"1,727 ","1,832 ",242 ,94.30 ,"2,322 ","2,077,334 ","2,077 "
30-Mar-24,195 ,128 ,24 ,117 ,"1,842 ","1,959 ",333 ,94.04 ,"2,855 ","2,077,451 ","2,077 "
31-Mar-24,180 ,128 ,24 ,130 ,"1,787 ","1,917 ",334 ,93.22 ,"2,567 ","2,077,581 ","2,078 "
1-Apr-24,180 ,128 ,24 ,138 ,"1,819 ","1,957 ",365 ,92.95 ,"2,646 ","2,077,718 ","2,078 "
2-Apr-24,190 ,128 ,24 ,140 ,"1,793 ","1,933 ",363 ,92.74 ,"2,589 ","2,077,859 ","2,078 "
3-Apr-24,180 ,128 ,24 ,140 ,"1,793 ","1,933 ",363 ,92.76 ,"2,594 ","2,077,999 ","2,078 "
4-Apr-24,180 ,128 ,24 ,138 ,"1,795 ","1,933 ",363 ,92.85 ,"2,629 ","2,078,137 ","2,078 "
5-Apr-24,180 ,128 ,24 ,146 ,"1,778 ","1,924 ",361 ,92.41 ,"2,473 ","2,078,283 ","2,078 "
6-Apr-24,185 ,128 ,24 ,144 ,"1,793 ","1,937 ",369 ,92.57 ,"2,563 ","2,078,427 ","2,078 "
7-Apr-24,175 ,128 ,24 ,146 ,"1,787 ","1,933 ",364 ,92.45 ,"2,492 ","2,078,573 ","2,079 "
8-Apr-24,185 ,128 ,24 ,144 ,"1,784 ","1,928 ",367 ,92.53 ,"2,549 ","2,078,717 ","2,079 "
9-Apr-24,180 ,128 ,24 ,147 ,"1,790 ","1,937 ",369 ,92.41 ,"2,510 ","2,078,864 ","2,079 "
10-Apr-24,180 ,128 ,24 ,146 ,"1,787 ","1,934 ",369 ,92.43 ,"2,519 ","2,079,010 ","2,079 "
11-Apr-24,180 ,128 ,24 ,149 ,"1,782 ","1,931 ",361 ,92.28 ,"2,423 ","2,079,159 ","2,079 "
12-Apr-24,180 ,128 ,24 ,147 ,"1,780 ","1,927 ",370 ,92.37 ,"2,519 ","2,079,306 ","2,079 "
13-Apr-24,180 ,128 ,24 ,148 ,"1,784 ","1,932 ",378 ,92.32 ,"2,548 ","2,079,455 ","2,079 "
14-Apr-24,180 ,128 ,24 ,146 ,"1,794 ","1,940 ",384 ,92.47 ,"2,630 ","2,079,601 ","2,080 "
15-Apr-24,180 ,128 ,24 ,143 ,"1,785 ","1,929 ",374 ,92.57 ,"2,611 ","2,079,744 ","2,080 "
16-Apr-24,185 ,128 ,24 ,142 ,"1,769 ","1,911 ",373 ,92.57 ,"2,629 ","2,079,886 ","2,080 "
17-Apr-24,175 ,128 ,24 ,144 ,"1,813 ","1,957 ",387 ,92.63 ,"2,681 ","2,080,030 ","2,080 "
18-Apr-24,180 ,128 ,24 ,143 ,"1,811 ","1,954 ",385 ,92.68 ,"2,695 ","2,080,173 ","2,080 "
19-Apr-24,180 ,128 ,24 ,145 ,"1,762 ","1,907 ",369 ,92.42 ,"2,555 ","2,080,318 ","2,080 "
20-Apr-24,175 ,128 ,24 ,144 ,"1,791 ","1,935 ",379 ,92.58 ,"2,641 ","2,080,461 ","2,080 "
21-Apr-24,190 ,128 ,24 ,146 ,"1,852 ","1,998 ",380 ,92.71 ,"2,611 ","2,080,607 ","2,081 "
22-Apr-24,185 ,128 ,24 ,144 ,"1,846 ","1,991 ",361 ,92.75 ,"2,499 ","2,080,751 ","2,081 "
23-Apr-24,180 ,128 ,24 ,146 ,"1,857 ","2,003 ",362 ,92.71 ,"2,479 ","2,080,897 ","2,081 "
24-Apr-24,180 ,128 ,24 ,148 ,"1,851 ","1,999 ",390 ,92.59 ,"2,633 ","2,081,045 ","2,081 "
25-Apr-24,180 ,128 ,24 ,150 ,"1,868 ","2,018 ",375 ,92.59 ,"2,509 ","2,081,195 ","2,081 "
26-Apr-24,180 ,128 ,24 ,148 ,"1,836 ","1,983 ",362 ,92.55 ,"2,454 ","2,081,343 ","2,081 "
27-Apr-24,180 ,128 ,24 ,146 ,"1,831 ","1,977 ",373 ,92.64 ,"2,562 ","2,081,488 ","2,081 "
28-Apr-24,180 ,128 ,24 ,144 ,"1,828 ","1,972 ",373 ,92.70 ,"2,590 ","2,081,632 ","2,082 "
29-Apr-24,180 ,128 ,24 ,146 ,"1,823 ","1,969 ",366 ,92.60 ,"2,513 ","2,081,778 ","2,082 "
30-Apr-24,190 ,128 ,24 ,143 ,"1,787 ","1,930 ",356 ,92.59 ,"2,488 ","2,081,921 ","2,082 "
1-May-24,185 ,128 ,24 ,145 ,"1,792 ","1,937 ",362 ,92.53 ,"2,499 ","2,082,066 ","2,082 "
2-May-24,180 ,128 ,24 ,144 ,"1,788 ","1,932 ",358 ,92.56 ,"2,493 ","2,082,209 ","2,082 "
3-May-24,180 ,128 ,24 ,146 ,"1,796 ","1,941 ",365 ,92.50 ,"2,505 ","2,082,355 ","2,082 "
4-May-24,185 ,128 ,24 ,149 ,"1,811 ","1,959 ",370 ,92.40 ,"2,488 ","2,082,504 ","2,083 "
5-May-24,175 ,128 ,24 ,147 ,"1,814 ","1,961 ",377 ,92.49 ,"2,556 ","2,082,651 ","2,083 "
6-May-24,185 ,128 ,24 ,145 ,"1,807 ","1,952 ",370 ,92.58 ,"2,556 ","2,082,796 ","2,083 "
7-May-24,180 ,128 ,24 ,147 ,"1,812 ","1,959 ",379 ,92.50 ,"2,578 ","2,082,943 ","2,083 "
8-May-24,180 ,128 ,24 ,146 ,"1,807 ","1,953 ",371 ,92.53 ,"2,543 ","2,083,089 ","2,083 "
9-May-24,200 ,128 ,24 ,148 ,"1,811 ","1,960 ",372 ,92.44 ,"2,511 ","2,083,237 ","2,083 "
10-May-24,205 ,128 ,24 ,144 ,"1,768 ","1,912 ",347 ,92.46 ,"2,409 ","2,083,381 ","2,083 "
11-May-24,180 ,128 ,24 ,145 ,"1,771 ","1,916 ",363 ,92.42 ,"2,502 ","2,083,526 ","2,084 "
12-May-24,180 ,128 ,24 ,146 ,"1,793 ","1,940 ",371 ,92.46 ,"2,536 ","2,083,673 ","2,084 "
13-May-24,180 ,128 ,24 ,143 ,"1,775 ","1,918 ",369 ,92.53 ,"2,576 ","2,083,816 ","2,084 "
14-May-24,200 ,128 ,24 ,144 ,"1,781 ","1,926 ",370 ,92.50 ,"2,560 ","2,083,960 ","2,084 "
15-May-24,180 ,128 ,24 ,143 ,"1,752 ","1,895 ",364 ,92.44 ,"2,541 ","2,084,104 ","2,084 "
16-May-24,180 ,128 ,24 ,141 ,"1,745 ","1,886 ",362 ,92.52 ,"2,567 ","2,084,245 ","2,084 "
17-May-24,185 ,128 ,24 ,139 ,"1,751 ","1,890 ",356 ,92.65 ,"2,561 ","2,084,384 ","2,084 "
18-May-24,190 ,128 ,24 ,142 ,"1,760 ","1,902 ",362 ,92.53 ,"2,549 ","2,084,526 ","2,085 "
19-May-24,185 ,128 ,24 ,141 ,"1,757 ","1,898 ",356 ,92.57 ,"2,525 ","2,084,667 ","2,085 "
20-May-24,185 ,128 ,24 ,140 ,"1,754 ","1,894 ",316 ,92.61 ,"2,257 ","2,084,807 ","2,085 "
21-May-24,160 ,128 ,24 ,141 ,"1,753 ","1,894 ",316 ,92.55 ,"2,240 ","2,084,948 ","2,085 "
22-May-24,160 ,128 ,24 ,141 ,"1,753 ","1,894 ",316 ,92.58 ,"2,247 ","2,085,088 ","2,085 "
23-May-24,160 ,128 ,24 ,141 ,"1,753 ","1,894 ",316 ,92.56 ,"2,243 ","2,085,229 ","2,085 "
24-May-24,165 ,128 ,24 ,147 ,"1,769 ","1,915 ",325 ,92.35 ,"2,215 ","2,085,376 ","2,085 "
25-May-24,160 ,128 ,24 ,145 ,"1,770 ","1,915 ",325 ,92.41 ,"2,234 ","2,085,521 ","2,086 "
26-May-24,160 ,128 ,24 ,146 ,"1,769 ","1,915 ",325 ,92.39 ,"2,226 ","2,085,667 ","2,086 "
27-May-24,160 ,128 ,24 ,146 ,"1,770 ","1,915 ",325 ,92.40 ,"2,230 ","2,085,813 ","2,086 "
28-May-24,155 ,128 ,24 ,147 ,"1,769 ","1,915 ",325 ,92.35 ,"2,216 ","2,085,959 ","2,086 "
29-May-24,160 ,128 ,24 ,146 ,"1,770 ","1,915 ",325 ,92.39 ,"2,227 ","2,086,105 ","2,086 "
30-May-24,155 ,128 ,24 ,146 ,"1,769 ","1,915 ",325 ,92.36 ,"2,218 ","2,086,251 ","2,086 "
31-May-24,155 ,128 ,24 ,146 ,"1,770 ","1,915 ",325 ,92.40 ,"2,229 ","2,086,397 ","2,086 "
1-Jun-24,155 ,128 ,24 ,146 ,"1,769 ","1,915 ",325 ,92.37 ,"2,222 ","2,086,543 ","2,087 "
2-Jun-24,165 ,128 ,24 ,148 ,"1,784 ","1,932 ",324 ,92.35 ,"2,195 ","2,086,691 ","2,087 "
3-Jun-24,160 ,128 ,24 ,147 ,"1,785 ","1,932 ",324 ,92.40 ,"2,209 ","2,086,838 ","2,087 "
4-Jun-24,160 ,128 ,24 ,146 ,"1,786 ","1,932 ",324 ,92.46 ,"2,225 ","2,086,983 ","2,087 "
5-Jun-24,160 ,128 ,24 ,145 ,"1,787 ","1,932 ",324 ,92.51 ,"2,241 ","2,087,128 ","2,087 "
6-Jun-24,155 ,128 ,24 ,146 ,"1,786 ","1,932 ",324 ,92.47 ,"2,228 ","2,087,273 ","2,087 "
7-Jun-24,165 ,128 ,24 ,143 ,"1,744 ","1,888 ",308 ,92.41 ,"2,146 ","2,087,417 ","2,087 "
8-Jun-24,160 ,128 ,24 ,144 ,"1,744 ","1,888 ",308 ,92.38 ,"2,139 ","2,087,561 ","2,088 "
9-Jun-24,160 ,128 ,24 ,142 ,"1,745 ","1,888 ",308 ,92.46 ,"2,161 ","2,087,703 ","2,088 "
10-Jun-24,160 ,128 ,24 ,143 ,"1,744 ","1,888 ",308 ,92.40 ,"2,145 ","2,087,847 ","2,088 "
11-Jun-24,155 ,128 ,24 ,143 ,"1,745 ","1,888 ",308 ,92.44 ,"2,156 ","2,087,989 ","2,088 "
12-Jun-24,165 ,128 ,24 ,144 ,"1,774 ","1,918 ",309 ,92.47 ,"2,143 ","2,088,134 ","2,088 "
13-Jun-24,160 ,128 ,24 ,145 ,"1,773 ","1,918 ",309 ,92.44 ,"2,133 ","2,088,279 ","2,088 "
14-Jun-24,170 ,128 ,24 ,148 ,"1,776 ","1,924 ",319 ,92.28 ,"2,146 ","2,088,427 ","2,088 "
15-Jun-24,160 ,128 ,24 ,147 ,"1,777 ","1,924 ",319 ,92.35 ,"2,165 ","2,088,574 ","2,089 "
16-Jun-24,160 ,128 ,24 ,147 ,"1,777 ","1,924 ",319 ,92.36 ,"2,166 ","2,088,721 ","2,089 "
17-Jun-24,158 ,128 ,24 ,148 ,"1,776 ","1,924 ",319 ,92.32 ,"2,156 ","2,088,869 ","2,089 "
18-Jun-24,155 ,128 ,24 ,147 ,"1,777 ","1,924 ",319 ,92.36 ,"2,168 ","2,089,016 ","2,089 "
19-Jun-24,170 ,128 ,24 ,142 ,"1,751 ","1,893 ",302 ,92.50 ,"2,126 ","2,089,158 ","2,089 "
20-Jun-24,160 ,128 ,24 ,141 ,"1,752 ","1,893 ",302 ,92.55 ,"2,138 ","2,089,299 ","2,089 "
21-Jun-24,160 ,128 ,24 ,142 ,"1,751 ","1,893 ",302 ,92.48 ,"2,118 ","2,089,442 ","2,089 "
22-Jun-24,160 ,128 ,24 ,143 ,"1,750 ","1,893 ",302 ,92.45 ,"2,112 ","2,089,585 ","2,090 "
23-Jun-24,170 ,128 ,24 ,148 ,"1,755 ","1,903 ",299 ,92.25 ,"2,027 ","2,089,732 ","2,090 "
24-Jun-24,165 ,128 ,24 ,146 ,"1,757 ","1,903 ",299 ,92.30 ,"2,042 ","2,089,879 ","2,090 "
25-Jun-24,160 ,128 ,24 ,146 ,"1,757 ","1,903 ",299 ,92.35 ,"2,054 ","2,090,024 ","2,090 "
26-Jun-24,160 ,128 ,24 ,146 ,"1,757 ","1,903 ",299 ,92.31 ,"2,045 ","2,090,171 ","2,090 "
27-Jun-24,165 ,128 ,24 ,145 ,"1,758 ","1,903 ",299 ,92.38 ,"2,063 ","2,090,316 ","2,090 "
28-Jun-24,160 ,128 ,24 ,146 ,"1,757 ","1,903 ",299 ,92.33 ,"2,049 ","2,090,462 ","2,090 "
29-Jun-24,170 ,128 ,24 ,143 ,"1,749 ","1,892 ",284 ,92.44 ,"1,988 ","2,090,605 ","2,091 "
30-Jun-24,160 ,128 ,24 ,143 ,"1,749 ","1,892 ",284 ,92.46 ,"1,992 ","2,090,747 ","2,091 "
1-Jul-24,160 ,128 ,24 ,143 ,"1,749 ","1,892 ",284 ,92.45 ,"1,989 ","2,090,890 ","2,091 "
2-Jul-24,- ,128 ,21 ,125 ,"1,530 ","1,655 ",249 ,92.44 ,"1,986 ","2,091,015 ","2,091 "
3-Jul-24,- ,S/I ,- ,- ,- ,- ,- ,- ,- ,"2,091,015 ","2,091 "
4-Jul-24,- ,S/I ,- ,- ,- ,- ,- ,- ,- ,"2,091,015 ","2,091 "
5-Jul-24,- ,S/I ,- ,- ,- ,- ,- ,- ,- ,"2,091,015 ","2,091 "
6-Jul-24,- ,S/I ,- ,- ,- ,- ,- ,- ,- ,"2,091,015 ","2,091 "
7-Jul-24,- ,S/I ,- ,- ,- ,- ,- ,- ,- ,"2,091,015 ","2,091 "
8-Jul-24,- ,S/I ,- ,- ,- ,- ,- ,- ,- ,"2,091,015 ","2,091 "
9-Jul-24,- ,S/I ,- ,- ,- ,- ,- ,- ,- ,"2,091,015 ","2,091 "
10-Jul-24,- ,S/I ,- ,- ,- ,- ,- ,- ,- ,"2,091,015 ","2,091 "
11-Jul-24,- ,S/I ,- ,- ,- ,- ,- ,- ,- ,"2,091,015 ","2,091 "
12-Jul-24,- ,S/I ,- ,- ,- ,- ,- ,- ,- ,"2,091,015 ","2,091 "
13-Jul-24,- ,S/I ,- ,- ,- ,- ,- ,- ,- ,"2,091,015 ","2,091 "
14-Jul-24,- ,S/I ,- ,- ,- ,- ,- ,- ,- ,"2,091,015 ","2,091 "
15-Jul-24,- ,S/I ,- ,- ,- ,- ,- ,- ,- ,"2,091,015 ","2,091 "
16-Jul-24,- ,S/I ,- ,- ,- ,- ,- ,- ,- ,"2,091,015 ","2,091 "
17-Jul-24,200 ,128 ,- ,- ,- ,- ,- ,- ,- ,"2,091,015 ","2,091 "
18-Jul-24,190 ,128 ,24 ,41 ,"2,878 ","2,919 ",244 ,98.60 ,"5,975 ","2,091,056 ","2,091 "
19-Jul-24,200 ,128 ,24 ,102 ,"2,778 ","2,880 ",330 ,96.46 ,"3,232 ","2,091,158 ","2,091 "
20-Jul-24,200 ,128 ,24 ,103 ,"2,739 ","2,842 ",370 ,96.38 ,"3,601 ","2,091,261 ","2,091 "
21-Jul-24,180 ,128 ,24 ,103 ,"2,739 ","2,842 ",370 ,96.38 ,"3,595 ","2,091,364 ","2,091 "
22-Jul-24,180 ,128 ,24 ,101 ,"2,740 ","2,842 ",370 ,96.43 ,"3,653 ","2,091,466 ","2,091 "
23-Jul-24,180 ,128 ,24 ,102 ,"2,739 ","2,842 ",370 ,96.40 ,"3,620 ","2,091,568 ","2,092 "
24-Jul-24,180 ,128 ,24 ,106 ,"2,738 ","2,843 ",349 ,96.29 ,"3,306 ","2,091,673 ","2,092 "
25-Jul-24,180 ,128 ,24 ,109 ,"2,734 ","2,843 ",349 ,96.15 ,"3,192 ","2,091,783 ","2,092 "
26-Jul-24,175 ,128 ,24 ,110 ,"2,733 ","2,843 ",349 ,96.12 ,"3,167 ","2,091,893 ","2,092 "
27-Jul-24,180 ,128 ,24 ,114 ,"2,557 ","2,671 ",406 ,95.74 ,"3,563 ","2,092,007 ","2,092 "
28-Jul-24,180 ,128 ,24 ,115 ,"2,556 ","2,671 ",406 ,95.69 ,"3,528 ","2,092,122 ","2,092 "
29-Jul-24,180 ,128 ,24 ,115 ,"2,556 ","2,671 ",406 ,95.68 ,"3,519 ","2,092,237 ","2,092 "
30-Jul-24,180 ,128 ,24 ,115 ,"2,556 ","2,671 ",406 ,95.70 ,"3,534 ","2,092,352 ","2,092 "
31-Jul-24,180 ,128 ,24 ,129 ,"2,731 ","2,860 ",413 ,95.49 ,"3,208 ","2,092,481 ","2,092 "
1-Aug-24,180 ,128 ,24 ,130 ,"2,730 ","2,860 ",413 ,95.45 ,"3,176 ","2,092,611 ","2,093 "
2-Aug-24,178 ,128 ,24 ,131 ,"2,729 ","2,860 ",413 ,95.42 ,"3,155 ","2,092,742 ","2,093 "
3-Aug-24,180 ,128 ,24 ,132 ,"2,728 ","2,860 ",413 ,95.39 ,"3,136 ","2,092,874 ","2,093 "
4-Aug-24,180 ,128 ,24 ,134 ,"2,725 ","2,860 ",413 ,95.30 ,"3,074 ","2,093,009 ","2,093 "
5-Aug-24,180 ,128 ,24 ,145 ,"2,719 ","2,863 ",398 ,94.94 ,"2,751 ","2,093,154 ","2,093 "
6-Aug-24,180 ,128 ,24 ,146 ,"2,717 ","2,863 ",398 ,94.90 ,"2,730 ","2,093,299 ","2,093 "
7-Aug-24,180 ,128 ,24 ,145 ,"2,718 ","2,863 ",398 ,94.94 ,"2,748 ","2,093,444 ","2,093 "
8-Aug-24,180 ,128 ,24 ,146 ,"2,717 ","2,863 ",398 ,94.90 ,"2,730 ","2,093,590 ","2,094 "
9-Aug-24,175 ,128 ,24 ,148 ,"2,715 ","2,863 ",398 ,94.83 ,"2,693 ","2,093,738 ","2,094 "
10-Aug-24,175 ,128 ,24 ,150 ,"2,714 ","2,863 ",398 ,94.78 ,"2,664 ","2,093,888 ","2,094 "
11-Aug-24,180 ,128 ,24 ,149 ,"2,714 ","2,863 ",398 ,94.79 ,"2,671 ","2,094,037 ","2,094 "
12-Aug-24,170 ,128 ,24 ,150 ,"2,713 ","2,863 ",398 ,94.76 ,"2,653 ","2,094,187 ","2,094 "
13-Aug-24,185 ,100 ,24 ,133 ,"2,670 ","2,804 ",340 ,95.24 ,"2,548 ","2,094,321 ","2,094 "
14-Aug-24,175 ,90 ,24 ,135 ,"2,669 ","2,804 ",340 ,95.20 ,"2,526 ","2,094,456 ","2,094 "
15-Aug-24,180 ,90 ,24 ,135 ,"2,669 ","2,804 ",340 ,95.20 ,"2,528 ","2,094,590 ","2,095 "
16-Aug-24,180 ,90 ,24 ,150 ,"2,683 ","2,834 ",359 ,94.69 ,"2,384 ","2,094,741 ","2,095 "
17-Aug-24,180 ,90 ,24 ,150 ,"2,684 ","2,834 ",359 ,94.71 ,"2,393 ","2,094,890 ","2,095 "
18-Aug-24,180 ,90 ,24 ,151 ,"2,683 ","2,834 ",359 ,94.69 ,"2,383 ","2,095,041 ","2,095 "
19-Aug-24,180 ,90 ,24 ,150 ,"2,684 ","2,834 ",359 ,94.71 ,"2,391 ","2,095,191 ","2,095 "
20-Aug-24,170 ,90 ,24 ,150 ,"2,683 ","2,834 ",359 ,94.70 ,"2,386 ","2,095,341 ","2,095 "
21-Aug-24,180 ,90 ,24 ,158 ,"2,629 ","2,788 ",329 ,94.31 ,"2,077 ","2,095,500 ","2,095 "
22-Aug-24,180 ,90 ,24 ,160 ,"2,628 ","2,788 ",329 ,94.26 ,"2,058 ","2,095,660 ","2,096 "
23-Aug-24,180 ,90 ,24 ,163 ,"2,625 ","2,788 ",329 ,94.16 ,"2,021 ","2,095,823 ","2,096 "
24-Aug-24,180 ,90 ,24 ,159 ,"2,679 ","2,839 ",311 ,94.38 ,"1,949 ","2,095,982 ","2,096 "
25-Aug-24,180 ,90 ,24 ,159 ,"2,680 ","2,839 ",311 ,94.39 ,"1,953 ","2,096,141 ","2,096 "
26-Aug-24,175 ,90 ,24 ,162 ,"2,677 ","2,839 ",311 ,94.30 ,"1,922 ","2,096,303 ","2,096 "
27-Aug-24,180 ,90 ,24 ,163 ,"2,676 ","2,839 ",311 ,94.26 ,"1,907 ","2,096,466 ","2,096 "
28-Aug-24,180 ,90 ,24 ,161 ,"2,678 ","2,839 ",311 ,94.33 ,"1,930 ","2,096,627 ","2,097 "
29-Aug-24,185 ,90 ,24 ,205 ,"3,044 ","3,249 ",555 ,93.70 ,"2,712 ","2,096,832 ","2,097 "
30-Aug-24,180 ,90 ,24 ,190 ,"2,788 ","2,978 ",509 ,93.62 ,"2,677 ","2,097,022 ","2,097 "
31-Aug-24,180 ,90 ,24 ,145 ,"3,147 ","3,291 ",483 ,95.60 ,"3,335 ","2,097,167 ","2,097 "
1-Sep-24,180 ,90 ,24 ,146 ,"3,145 ","3,291 ",483 ,95.57 ,"3,310 ","2,097,312 ","2,097 "
2-Sep-24,180 ,90 ,24 ,147 ,"3,144 ","3,291 ",483 ,95.53 ,"3,278 ","2,097,460 ","2,097 "
3-Sep-24,170 ,90 ,24 ,148 ,"3,143 ","3,291 ",483 ,95.50 ,"3,260 ","2,097,608 ","2,098 "
4-Sep-24,180 ,90 ,24 ,148 ,"3,144 ","3,291 ",483 ,95.52 ,"3,271 ","2,097,755 ","2,098 "
5-Sep-24,185 ,90 ,24 ,148 ,"3,143 ","3,291 ",483 ,95.50 ,"3,260 ","2,097,904 ","2,098 "
6-Sep-24,170 ,90 ,24 ,148 ,"3,144 ","3,291 ",483 ,95.51 ,"3,269 ","2,098,051 ","2,098 "
7-Sep-24,175 ,90 ,24 ,149 ,"3,142 ","3,291 ",483 ,95.48 ,"3,242 ","2,098,200 ","2,098 "
8-Sep-24,180 ,90 ,24 ,135 ,"2,686 ","2,821 ",319 ,95.22 ,"2,365 ","2,098,335 ","2,098 "
9-Sep-24,180 ,90 ,24 ,134 ,"2,687 ","2,821 ",319 ,95.24 ,"2,371 ","2,098,469 ","2,098 "
10-Sep-24,175 ,90 ,24 ,136 ,"2,685 ","2,821 ",319 ,95.17 ,"2,338 ","2,098,606 ","2,099 "
11-Sep-24,180 ,90 ,24 ,179 ,"2,633 ","2,812 ",350 ,93.63 ,"1,954 ","2,098,785 ","2,099 "
12-Sep-24,180 ,90 ,24 ,179 ,"2,633 ","2,812 ",350 ,93.63 ,"1,954 ","2,098,964 ","2,099 "
13-Sep-24,170 ,90 ,24 ,178 ,"2,634 ","2,812 ",350 ,93.68 ,"1,969 ","2,099,141 ","2,099 "
14-Sep-24,170 ,90 ,24 ,178 ,"2,634 ","2,812 ",350 ,93.68 ,"1,968 ","2,099,319 ","2,099 "
15-Sep-24,170 ,90 ,24 ,179 ,"2,633 ","2,812 ",350 ,93.64 ,"1,954 ","2,099,498 ","2,099 "
16-Sep-24,170 ,90 ,24 ,179 ,"2,633 ","2,812 ",350 ,93.65 ,"1,958 ","2,099,677 ","2,100 "
17-Sep-24,170 ,90 ,24 ,182 ,"2,630 ","2,812 ",350 ,93.53 ,"1,923 ","2,099,859 ","2,100 "
18-Sep-24,170 ,90 ,24 ,181 ,"2,631 ","2,812 ",350 ,93.58 ,"1,936 ","2,100,040 ","2,100 "
19-Sep-24,180 ,90 ,24 ,187 ,"2,626 ","2,814 ",383 ,93.34 ,"2,045 ","2,100,227 ","2,100 "
20-Sep-24,170 ,90 ,24 ,188 ,"2,626 ","2,814 ",383 ,93.32 ,"2,036 ","2,100,415 ","2,100 "
21-Sep-24,170 ,90 ,24 ,188 ,"2,626 ","2,814 ",383 ,93.33 ,"2,040 ","2,100,603 ","2,101 "
22-Sep-24,170 ,90 ,24 ,190 ,"2,624 ","2,814 ",383 ,93.26 ,"2,020 ","2,100,792 ","2,101 "
23-Sep-24,165 ,90 ,24 ,191 ,"2,623 ","2,814 ",383 ,93.22 ,"2,009 ","2,100,983 ","2,101 "
24-Sep-24,160 ,90 ,24 ,192 ,"2,622 ","2,814 ",383 ,93.19 ,"1,998 ","2,101,175 ","2,101 "
25-Sep-24,160 ,90 ,24 ,202 ,"2,693 ","2,895 ",403 ,93.02 ,"1,993 ","2,101,377 ","2,101 "
26-Sep-24,160 ,90 ,24 ,203 ,"2,692 ","2,895 ",403 ,93.00 ,"1,989 ","2,101,579 ","2,102 "
27-Sep-24,160 ,90 ,24 ,201 ,"2,693 ","2,895 ",403 ,93.05 ,"2,001 ","2,101,781 ","2,102 "
28-Sep-24,160 ,90 ,24 ,202 ,"2,693 ","2,895 ",403 ,93.03 ,"1,997 ","2,101,982 ","2,102 "
29-Sep-24,160 ,90 ,24 ,201 ,"2,693 ","2,895 ",403 ,93.05 ,"2,001 ","2,102,184 ","2,102 "
30-Sep-24,160 ,90 ,24 ,200 ,"2,695 ","2,895 ",403 ,93.10 ,"2,017 ","2,102,384 ","2,102 "
1-Oct-24,160 ,90 ,24 ,201 ,"2,694 ","2,895 ",403 ,93.06 ,"2,005 ","2,102,584 ","2,103 "
2-Oct-24,160 ,90 ,24 ,204 ,"2,691 ","2,895 ",403 ,92.97 ,"1,979 ","2,102,788 ","2,103 "
3-Oct-24,160 ,90 ,24 ,203 ,"2,692 ","2,895 ",403 ,92.98 ,"1,983 ","2,102,991 ","2,103 "
4-Oct-24,190 ,90 ,24 ,205 ,"2,691 ","2,897 ",405 ,92.92 ,"1,972 ","2,103,196 ","2,103 "
5-Oct-24,165 ,90 ,24 ,209 ,"2,684 ","2,893 ",402 ,92.78 ,"1,924 ","2,103,405 ","2,103 "
6-Oct-24,170 ,90 ,24 ,208 ,"2,684 ","2,893 ",402 ,92.79 ,"1,928 ","2,103,614 ","2,104 "
7-Oct-24,160 ,90 ,24 ,209 ,"2,683 ","2,893 ",402 ,92.77 ,"1,921 ","2,103,823 ","2,104 "
8-Oct-24,160 ,90 ,24 ,208 ,"2,685 ","2,893 ",402 ,92.81 ,"1,933 ","2,104,031 ","2,104 "
9-Oct-24,170 ,90 ,24 ,208 ,"2,684 ","2,893 ",402 ,92.79 ,"1,928 ","2,104,239 ","2,104 "
10-Oct-24,170 ,90 ,24 ,211 ,"2,612 ","2,823 ",415 ,92.52 ,"1,965 ","2,104,450 ","2,104 "
11-Oct-24,160 ,90 ,24 ,211 ,"2,612 ","2,823 ",415 ,92.54 ,"1,970 ","2,104,661 ","2,105 "
12-Oct-24,160 ,90 ,24 ,212 ,"2,611 ","2,823 ",415 ,92.50 ,"1,959 ","2,104,873 ","2,105 "
13-Oct-24,160 ,90 ,24 ,217 ,"2,751 ","2,968 ",429 ,92.68 ,"1,977 ","2,105,090 ","2,105 "
14-Oct-24,160 ,90 ,24 ,219 ,"2,748 ","2,968 ",429 ,92.61 ,"1,957 ","2,105,310 ","2,105 "
15-Oct-24,160 ,90 ,24 ,217 ,"2,697 ","2,913 ",385 ,92.57 ,"1,779 ","2,105,526 ","2,106 "
16-Oct-24,160 ,90 ,24 ,216 ,"2,698 ","2,913 ",385 ,92.60 ,"1,785 ","2,105,742 ","2,106 "
17-Oct-24,160 ,90 ,24 ,217 ,"2,696 ","2,913 ",385 ,92.55 ,"1,775 ","2,105,959 ","2,106 "
18-Oct-24,165 ,90 ,24 ,219 ,"2,689 ","2,908 ",366 ,92.48 ,"1,672 ","2,106,178 ","2,106 "
19-Oct-24,160 ,90 ,24 ,218 ,"2,690 ","2,908 ",366 ,92.51 ,"1,678 ","2,106,396 ","2,106 "
20-Oct-24,170 ,90 ,24 ,224 ,"2,659 ","2,884 ",338 ,92.22 ,"1,504 ","2,106,620 ","2,107 "
21-Oct-24,160 ,90 ,24 ,224 ,"2,660 ","2,884 ",338 ,92.23 ,"1,507 ","2,106,844 ","2,107 "
22-Oct-24,160 ,90 ,24 ,225 ,"2,659 ","2,884 ",338 ,92.20 ,"1,501 ","2,107,069 ","2,107 "
23-Oct-24,160 ,90 ,24 ,220 ,"2,679 ","2,899 ",345 ,92.41 ,"1,568 ","2,107,289 ","2,107 "
24-Oct-24,160 ,90 ,24 ,220 ,"2,679 ","2,899 ",345 ,92.42 ,"1,568 ","2,107,509 ","2,108 "
25-Oct-24,170 ,90 ,24 ,225 ,"2,716 ","2,941 ",385 ,92.35 ,"1,711 ","2,107,734 ","2,108 "
26-Oct-24,160 ,90 ,24 ,225 ,"2,716 ","2,941 ",385 ,92.36 ,"1,715 ","2,107,959 ","2,108 "
27-Oct-24,165 ,90 ,24 ,226 ,"2,704 ","2,929 ",347 ,92.29 ,"1,538 ","2,108,184 ","2,108 "
28-Oct-24,160 ,90 ,24 ,226 ,"2,704 ","2,929 ",347 ,92.30 ,"1,539 ","2,108,410 ","2,108 "
29-Oct-24,160 ,90 ,24 ,227 ,"2,702 ","2,929 ",347 ,92.25 ,"1,530 ","2,108,637 ","2,109 "
30-Oct-24,160 ,90 ,24 ,226 ,"2,703 ","2,929 ",347 ,92.27 ,"1,534 ","2,108,863 ","2,109 "
31-Oct-24,160 ,90 ,24 ,226 ,"2,703 ","2,929 ",347 ,92.27 ,"1,534 ","2,109,090 ","2,109 "
1-Nov-24,195 ,90 ,24 ,240 ,"2,682 ","2,922 ",284 ,91.79 ,"1,184 ","2,109,330 ","2,109 "
2-Nov-24,180 ,90 ,24 ,242 ,"2,808 ","3,050 ",383 ,92.08 ,"1,586 ","2,109,571 ","2,110 "
3-Nov-24,195 ,90 ,24 ,240 ,"2,682 ","2,922 ",284 ,91.79 ,"1,184 ","2,109,811 ","2,110 "
4-Nov-24,200 ,90 ,24 ,243 ,"2,647 ","2,890 ",297 ,91.58 ,"1,219 ","2,110,055 ","2,110 "
5-Nov-24,180 ,90 ,24 ,243 ,"2,647 ","2,890 ",297 ,91.60 ,"1,223 ","2,110,297 ","2,110 "
6-Nov-24,165 ,90 ,24 ,245 ,"2,669 ","2,914 ",298 ,91.59 ,"1,218 ","2,110,542 ","2,111 "
7-Nov-24,165 ,90 ,24 ,244 ,"2,669 ","2,914 ",298 ,91.62 ,"1,221 ","2,110,787 ","2,111 "
8-Nov-24,170 ,90 ,24 ,257 ,"2,892 ","3,149 ",340 ,91.84 ,"1,323 ","2,111,044 ","2,111 "
9-Nov-24,165 ,90 ,24 ,245 ,"2,611 ","2,856 ",299 ,91.43 ,"1,223 ","2,111,289 ","2,111 "
10-Nov-24,170 ,90 ,24 ,257 ,"2,892 ","3,149 ",340 ,91.84 ,"1,323 ","2,111,546 ","2,112 "
11-Nov-24,160 ,90 ,24 ,258 ,"2,890 ","3,149 ",340 ,91.80 ,"1,316 ","2,111,804 ","2,112 "
12-Nov-24,170 ,90 ,24 ,255 ,"2,844 ","3,099 ",355 ,91.77 ,"1,394 ","2,112,059 ","2,112 "
13-Nov-24,160 ,90 ,24 ,255 ,"2,844 ","3,099 ",355 ,91.78 ,"1,395 ","2,112,314 ","2,112 "
14-Nov-24,165 ,90 ,24 ,254 ,"2,845 ","3,099 ",355 ,91.80 ,"1,399 ","2,112,568 ","2,113 "
15-Nov-24,160 ,90 ,24 ,251 ,"2,570 ","2,820 ",288 ,91.11 ,"1,148 ","2,112,818 ","2,113 "
16-Nov-24,160 ,90 ,24 ,252 ,"2,568 ","2,820 ",288 ,91.05 ,"1,139 ","2,113,071 ","2,113 "
17-Nov-24,160 ,90 ,24 ,253 ,"2,642 ","2,895 ",300 ,91.26 ,"1,186 ","2,113,324 ","2,113 "
18-Nov-24,160 ,90 ,24 ,253 ,"2,642 ","2,895 ",300 ,91.26 ,"1,186 ","2,113,577 ","2,114 "
19-Nov-24,180 ,90 ,24 ,257 ,"2,685 ","2,942 ",334 ,91.26 ,"1,297 ","2,113,834 ","2,114 "
20-Nov-24,165 ,90 ,24 ,257 ,"2,686 ","2,942 ",334 ,91.27 ,"1,299 ","2,114,091 ","2,114 "
21-Nov-24,165 ,90 ,24 ,253 ,"2,575 ","2,828 ",314 ,91.06 ,"1,243 ","2,114,344 ","2,114 "
22-Nov-24,175 ,90 ,24 ,252 ,"2,500 ","2,751 ",291 ,90.85 ,"1,156 ","2,114,595 ","2,115 "
23-Nov-24,165 ,90 ,24 ,250 ,"2,501 ","2,751 ",291 ,90.90 ,"1,163 ","2,114,846 ","2,115 "
24-Nov-24,165 ,90 ,24 ,251 ,"2,500 ","2,751 ",291 ,90.87 ,"1,159 ","2,115,097 ","2,115 "
25-Nov-24,165 ,90 ,24 ,253 ,"2,506 ","2,759 ",315 ,90.82 ,"1,245 ","2,115,350 ","2,115 "
26-Nov-24,160 ,90 ,24 ,253 ,"2,506 ","2,759 ",315 ,90.84 ,"1,247 ","2,115,603 ","2,116 "
27-Nov-24,160 ,90 ,24 ,273 ,"2,823 ","3,096 ",346 ,91.18 ,"1,265 ","2,115,876 ","2,116 "
28-Nov-24,160 ,90 ,24 ,274 ,"2,822 ","3,096 ",346 ,91.15 ,"1,261 ","2,116,150 ","2,116 "
29-Nov-24,165 ,90 ,24 ,276 ,"2,832 ","3,108 ",357 ,91.13 ,"1,294 ","2,116,426 ","2,116 "
30-Nov-24,160 ,90 ,24 ,275 ,"2,833 ","3,108 ",357 ,91.15 ,"1,298 ","2,116,701 ","2,117 "
1-Dec-24,160 ,90 ,24 ,276 ,"2,832 ","3,108 ",357 ,91.12 ,"1,293 ","2,116,977 ","2,117 "
2-Dec-24,170 ,90 ,24 ,267 ,"2,702 ","2,970 ",343 ,91.00 ,"1,282 ","2,117,244 ","2,117 "
3-Dec-24,165 ,90 ,24 ,266 ,"2,703 ","2,970 ",343 ,91.03 ,"1,287 ","2,117,511 ","2,118 "
4-Dec-24,165 ,90 ,24 ,265 ,"2,690 ","2,956 ",344 ,91.02 ,"1,297 ","2,117,776 ","2,118 "
5-Dec-24,170 ,90 ,24 ,265 ,"2,691 ","2,956 ",344 ,91.03 ,"1,299 ","2,118,041 ","2,118 "
6-Dec-24,165 ,90 ,24 ,272 ,"2,832 ","3,104 ",343 ,91.24 ,"1,262 ","2,118,313 ","2,118 "
7-Dec-24,165 ,90 ,24 ,269 ,"2,836 ","3,104 ",343 ,91.35 ,"1,277 ","2,118,582 ","2,119 "
8-Dec-24,165 ,90 ,24 ,267 ,"2,837 ","3,104 ",343 ,91.39 ,"1,284 ","2,118,849 ","2,119 "
9-Dec-24,170 ,90 ,24 ,270 ,"2,827 ","3,096 ",392 ,91.30 ,"1,453 ","2,119,118 ","2,119 "
10-Dec-24,160 ,90 ,24 ,268 ,"2,828 ","3,096 ",392 ,91.34 ,"1,460 ","2,119,387 ","2,119 "
11-Dec-24,160 ,90 ,24 ,269 ,"2,828 ","3,096 ",392 ,91.32 ,"1,457 ","2,119,656 ","2,120 "
12-Dec-24,160 ,90 ,24 ,267 ,"2,790 ","3,057 ",337 ,91.27 ,"1,262 ","2,119,923 ","2,120 "
13-Dec-24,170 ,90 ,24 ,271 ,"2,810 ","3,081 ",338 ,91.21 ,"1,247 ","2,120,193 ","2,120 "
14-Dec-24,160 ,90 ,24 ,270 ,"2,811 ","3,081 ",338 ,91.23 ,"1,250 ","2,120,464 ","2,120 "
15-Dec-24,160 ,90 ,24 ,272 ,"2,809 ","3,081 ",338 ,91.19 ,"1,244 ","2,120,735 ","2,121 "
16-Dec-24,160 ,90 ,24 ,272 ,"2,805 ","3,077 ",344 ,91.16 ,"1,263 ","2,121,007 ","2,121 "
17-Dec-24,160 ,90 ,24 ,273 ,"2,805 ","3,077 ",344 ,91.14 ,"1,260 ","2,121,280 ","2,121 "
18-Dec-24,165 ,90 ,24 ,268 ,"2,738 ","3,006 ",279 ,91.10 ,"1,043 ","2,121,548 ","2,122 "
19-Dec-24,160 ,90 ,24 ,266 ,"2,740 ","3,006 ",279 ,91.15 ,"1,049 ","2,121,814 ","2,122 "
20-Dec-24,165 ,90 ,24 ,249 ,"2,528 ","2,777 ",276 ,91.04 ,"1,109 ","2,122,063 ","2,122 "
21-Dec-24,165 ,90 ,24 ,248 ,"2,529 ","2,777 ",276 ,91.08 ,"1,115 ","2,122,311 ","2,122 "
22-Dec-24,175 ,90 ,24 ,250 ,"2,561 ","2,811 ",286 ,91.11 ,"1,146 ","2,122,560 ","2,123 "
23-Dec-24,165 ,90 ,24 ,251 ,"2,560 ","2,811 ",286 ,91.07 ,"1,141 ","2,122,811 ","2,123 "
24-Dec-24,170 ,90 ,24 ,252 ,"2,573 ","2,826 ",304 ,91.08 ,"1,205 ","2,123,064 ","2,123 "
25-Dec-24,160 ,90 ,24 ,264 ,"2,728 ","2,992 ",348 ,91.18 ,"1,318 ","2,123,328 ","2,123 "
26-Dec-24,160 ,90 ,24 ,263 ,"2,728 ","2,992 ",348 ,91.19 ,"1,320 ","2,123,591 ","2,124 "
27-Dec-24,160 ,90 ,24 ,262 ,"2,729 ","2,992 ",348 ,91.23 ,"1,326 ","2,123,853 ","2,124 "
28-Dec-24,160 ,90 ,24 ,265 ,"2,736 ","3,001 ",388 ,91.18 ,"1,465 ","2,124,118 ","2,124 "
29-Dec-24,160 ,90 ,24 ,264 ,"2,737 ","3,001 ",388 ,91.19 ,"1,467 ","2,124,383 ","2,124 "
30-Dec-24,160 ,90 ,24 ,265 ,"2,734 ","2,999 ",439 ,91.16 ,"1,655 ","2,124,648 ","2,125 "
31-Dec-24,165 ,90 ,24 ,265 ,"2,734 ","2,999 ",439 ,91.17 ,"1,656 ","2,124,913 ","2,125 "
1-Jan-25,165 ,90 ,24 ,264 ,"2,735 ","2,999 ",439 ,91.20 ,"1,663 ","2,125,177 ","2,125 "
2-Jan-25,165 ,90 ,24 ,262 ,"2,667 ","2,929 ",432 ,91.04 ,"1,647 ","2,125,439 ","2,125 "
3-Jan-25,165 ,90 ,24 ,263 ,"2,667 ","2,929 ",432 ,91.03 ,"1,645 ","2,125,702 ","2,126 "
4-Jan-25,170 ,90 ,24 ,263 ,"2,678 ","2,941 ",441 ,91.05 ,"1,675 ","2,125,965 ","2,126 "
5-Jan-25,165 ,90 ,24 ,263 ,"2,679 ","2,941 ",441 ,91.07 ,"1,679 ","2,126,228 ","2,126 "
6-Jan-25,170 ,90 ,24 ,265 ,"2,687 ","2,951 ",459 ,91.03 ,"1,734 ","2,126,493 ","2,126 "
7-Jan-25,160 ,90 ,24 ,262 ,"2,689 ","2,951 ",459 ,91.11 ,"1,749 ","2,126,755 ","2,127 "
8-Jan-25,165 ,90 ,24 ,263 ,"2,688 ","2,951 ",459 ,91.09 ,"1,744 ","2,127,018 ","2,127 "
9-Jan-25,165 ,90 ,24 ,262 ,"2,694 ","2,956 ",396 ,91.13 ,"1,512 ","2,127,280 ","2,127 "
10-Jan-25,170 ,90 ,24 ,260 ,"2,667 ","2,927 ",392 ,91.12 ,"1,509 ","2,127,540 ","2,128 "
11-Jan-25,165 ,90 ,24 ,261 ,"2,666 ","2,927 ",392 ,91.09 ,"1,504 ","2,127,801 ","2,128 "
12-Jan-25,170 ,90 ,24 ,263 ,"2,669 ","2,933 ",408 ,91.02 ,"1,549 ","2,128,064 ","2,128 "
13-Jan-25,165 ,90 ,24 ,262 ,"2,671 ","2,933 ",408 ,91.07 ,"1,556 ","2,128,326 ","2,128 "
14-Jan-25,165 ,90 ,24 ,263 ,"2,670 ","2,933 ",408 ,91.03 ,"1,550 ","2,128,589 ","2,129 "
15-Jan-25,170 ,90 ,24 ,265 ,"2,696 ","2,960 ",414 ,91.06 ,"1,562 ","2,128,854 ","2,129 "
16-Jan-25,170 ,90 ,24 ,265 ,"2,696 ","2,960 ",414 ,91.06 ,"1,562 ","2,129,118 ","2,129 "
17-Jan-25,165 ,90 ,24 ,266 ,"2,704 ","2,970 ",408 ,91.04 ,"1,535 ","2,129,384 ","2,129 "
18-Jan-25,165 ,90 ,24 ,262 ,"2,673 ","2,934 ",396 ,91.09 ,"1,515 ","2,129,646 ","2,130 "
19-Jan-25,160 ,90 ,24 ,261 ,"2,667 ","2,928 ",402 ,91.10 ,"1,542 ","2,129,907 ","2,130 "
20-Jan-25,160 ,90 ,24 ,262 ,"2,666 ","2,928 ",402 ,91.06 ,"1,535 ","2,130,168 ","2,130 "
21-Jan-25,160 ,90 ,24 ,261 ,"2,638 ","2,898 ",395 ,91.01 ,"1,516 ","2,130,429 ","2,130 "
22-Jan-25,160 ,90 ,24 ,264 ,"2,709 ","2,973 ",418 ,91.10 ,"1,582 ","2,130,694 ","2,131 "
23-Jan-25,160 ,90 ,24 ,266 ,"2,668 ","2,935 ",426 ,90.93 ,"1,601 ","2,130,960 ","2,131 "
24-Jan-25,160 ,90 ,24 ,268 ,"2,714 ","2,982 ",437 ,91.01 ,"1,630 ","2,131,228 ","2,131 "
25-Jan-25,160 ,90 ,24 ,271 ,"2,746 ","3,017 ",474 ,91.02 ,"1,751 ","2,131,499 ","2,131 "
26-Jan-25,160 ,90 ,24 ,272 ,"2,724 ","2,997 ",448 ,90.92 ,"1,647 ","2,131,771 ","2,132 "
27-Jan-25,165 ,90 ,24 ,274 ,"2,692 ","2,966 ",451 ,90.75 ,"1,644 ","2,132,045 ","2,132 "
28-Jan-25,160 ,90 ,24 ,276 ,"2,690 ","2,966 ",451 ,90.69 ,"1,635 ","2,132,321 ","2,132 "
29-Jan-25,160 ,90 ,24 ,276 ,"2,690 ","2,966 ",451 ,90.70 ,"1,636 ","2,132,597 ","2,133 "
30-Jan-25,165 ,90 ,24 ,272 ,"2,585 ","2,857 ",408 ,90.48 ,"1,498 ","2,132,869 ","2,133 "
31-Jan-25,160 ,90 ,24 ,285 ,"2,690 ","2,975 ",409 ,90.43 ,"1,435 ","2,133,154 ","2,133 "
1-Feb-25,160 ,90 ,24 ,283 ,"2,653 ","2,936 ",378 ,90.36 ,"1,336 ","2,133,437 ","2,133 "
2-Feb-25,165 ,90 ,24 ,280 ,"2,602 ","2,882 ",355 ,90.30 ,"1,269 ","2,133,717 ","2,134 "
3-Feb-25,165 ,90 ,24 ,283 ,"2,617 ","2,900 ",373 ,90.26 ,"1,322 ","2,133,999 ","2,134 "
4-Feb-25,160 ,90 ,24 ,288 ,"2,645 ","2,933 ",392 ,90.19 ,"1,362 ","2,134,287 ","2,134 "
5-Feb-25,165 ,90 ,24 ,286 ,"2,634 ","2,920 ",363 ,90.21 ,"1,269 ","2,134,573 ","2,135 "
6-Feb-25,160 ,90 ,24 ,284 ,"2,593 ","2,877 ",367 ,90.13 ,"1,294 ","2,134,857 ","2,135 "
7-Feb-25,165 ,90 ,24 ,287 ,"2,661 ","2,947 ",383 ,90.27 ,"1,334 ","2,135,143 ","2,135 "
8-Feb-25,160 ,90 ,24 ,283 ,"2,633 ","2,916 ",389 ,90.28 ,"1,373 ","2,135,427 ","2,135 "
9-Feb-25,160 ,90 ,24 ,283 ,"2,633 ","2,916 ",389 ,90.31 ,"1,377 ","2,135,710 ","2,136 "
10-Feb-25,160 ,90 ,24 ,286 ,"2,627 ","2,913 ",393 ,90.17 ,"1,372 ","2,135,996 ","2,136 "
11-Feb-25,160 ,90 ,24 ,285 ,"2,628 ","2,913 ",393 ,90.20 ,"1,377 ","2,136,281 ","2,136 "
12-Feb-25,160 ,90 ,24 ,283 ,"2,663 ","2,946 ",382 ,90.39 ,"1,351 ","2,136,564 ","2,137 "
13-Feb-25,160 ,90 ,24 ,284 ,"2,662 ","2,946 ",382 ,90.37 ,"1,348 ","2,136,848 ","2,137 "
14-Feb-25,165 ,90 ,24 ,295 ,"2,693 ","2,988 ",422 ,90.11 ,"1,428 ","2,137,144 ","2,137 "
15-Feb-25,165 ,90 ,24 ,295 ,"2,693 ","2,988 ",422 ,90.12 ,"1,429 ","2,137,439 ","2,137 "
16-Feb-25,160 ,90 ,24 ,295 ,"2,694 ","2,988 ",422 ,90.14 ,"1,432 ","2,137,733 ","2,138 "
17-Feb-25,160 ,90 ,24 ,294 ,"2,694 ","2,988 ",422 ,90.15 ,"1,434 ","2,138,028 ","2,138 "
18-Feb-25,160 ,90 ,24 ,291 ,"2,625 ","2,915 ",415 ,90.02 ,"1,426 ","2,138,319 ","2,138 "
19-Feb-25,160 ,90 ,24 ,293 ,"2,631 ","2,923 ",417 ,89.98 ,"1,424 ","2,138,611 ","2,139 "
20-Feb-25,160 ,90 ,24 ,292 ,"2,631 ","2,923 ",417 ,90.00 ,"1,426 ","2,138,904 ","2,139 "
21-Feb-25,160 ,90 ,24 ,293 ,"2,630 ","2,923 ",417 ,89.97 ,"1,421 ","2,139,197 ","2,139 "
22-Feb-25,165 ,90 ,24 ,295 ,"2,618 ","2,913 ",404 ,89.86 ,"1,368 ","2,139,493 ","2,139 "
23-Feb-25,160 ,90 ,24 ,294 ,"2,620 ","2,913 ",404 ,89.93 ,"1,377 ","2,139,786 ","2,140 "
24-Feb-25,160 ,90 ,24 ,296 ,"2,618 ","2,913 ",404 ,89.85 ,"1,367 ","2,140,082 ","2,140 "
25-Feb-25,160 ,90 ,24 ,299 ,"2,622 ","2,921 ",414 ,89.76 ,"1,384 ","2,140,381 ","2,140 "
26-Feb-25,160 ,90 ,24 ,297 ,"2,625 ","2,921 ",414 ,89.85 ,"1,396 ","2,140,678 ","2,141 "
27-Feb-25,160 ,90 ,24 ,293 ,"2,628 ","2,921 ",414 ,89.96 ,"1,411 ","2,140,971 ","2,141 "
28-Feb-25,165 ,90 ,24 ,299 ,"2,640 ","2,938 ",420 ,89.83 ,"1,405 ","2,141,270 ","2,141 "
1-Mar-25,160 ,90 ,24 ,298 ,"2,641 ","2,938 ",420 ,89.88 ,"1,411 ","2,141,567 ","2,142 "
2-Mar-25,160 ,90 ,24 ,299 ,"2,639 ","2,938 ",420 ,89.81 ,"1,402 ","2,141,867 ","2,142 "
3-Mar-25,160 ,90 ,24 ,300 ,"2,614 ","2,914 ",424 ,89.70 ,"1,412 ","2,142,167 ","2,142 "
4-Mar-25,165 ,90 ,24 ,299 ,"2,614 ","2,914 ",424 ,89.73 ,"1,415 ","2,142,466 ","2,142 "
5-Mar-25,165 ,90 ,24 ,297 ,"2,617 ","2,914 ",424 ,89.81 ,"1,427 ","2,142,763 ","2,143 "
6-Mar-25,165 ,90 ,24 ,301 ,"2,601 ","2,902 ",426 ,89.61 ,"1,414 ","2,143,064 ","2,143 "
7-Mar-25,160 ,90 ,24 ,301 ,"2,601 ","2,902 ",426 ,89.62 ,"1,415 ","2,143,366 ","2,143 "
8-Mar-25,175 ,90 ,24 ,305 ,"2,541 ","2,846 ",380 ,89.30 ,"1,246 ","2,143,670 ","2,144 "
9-Mar-25,165 ,90 ,24 ,305 ,"2,540 ","2,846 ",380 ,89.27 ,"1,243 ","2,143,975 ","2,144 "
10-Mar-25,160 ,90 ,24 ,306 ,"2,540 ","2,846 ",380 ,89.25 ,"1,241 ","2,144,281 ","2,144 "
11-Mar-25,160 ,90 ,24 ,305 ,"2,541 ","2,846 ",380 ,89.28 ,"1,244 ","2,144,586 ","2,145 "
12-Mar-25,160 ,90 ,24 ,306 ,"2,519 ","2,826 ",391 ,89.16 ,"1,275 ","2,144,893 ","2,145 "
13-Mar-25,160 ,90 ,24 ,306 ,"2,520 ","2,826 ",391 ,89.18 ,"1,277 ","2,145,199 ","2,145 "
14-Mar-25,160 ,90 ,24 ,307 ,"2,519 ","2,826 ",391 ,89.15 ,"1,274 ","2,145,505 ","2,146 "
15-Mar-25,160 ,90 ,24 ,306 ,"2,520 ","2,826 ",391 ,89.17 ,"1,276 ","2,145,811 ","2,146 "
16-Mar-25,165 ,90 ,24 ,310 ,"2,550 ","2,860 ",398 ,89.15 ,"1,282 ","2,146,122 ","2,146 "
17-Mar-25,160 ,90 ,24 ,310 ,"2,550 ","2,860 ",398 ,89.16 ,"1,282 ","2,146,432 ","2,146 "
18-Mar-25,160 ,90 ,24 ,311 ,"2,549 ","2,860 ",398 ,89.12 ,"1,278 ","2,146,743 ","2,147 "
19-Mar-25,165 ,90 ,24 ,310 ,"2,550 ","2,860 ",398 ,89.16 ,"1,283 ","2,147,053 ","2,147 "
20-Mar-25,160 ,90 ,24 ,309 ,"2,551 ","2,860 ",398 ,89.20 ,"1,287 ","2,147,362 ","2,147 "
21-Mar-25,160 ,90 ,24 ,300 ,"2,466 ","2,766 ",412 ,89.17 ,"1,375 ","2,147,661 ","2,148 "
22-Mar-25,160 ,90 ,24 ,299 ,"2,467 ","2,766 ",412 ,89.18 ,"1,376 ","2,147,961 ","2,148 "
23-Mar-25,160 ,90 ,24 ,299 ,"2,467 ","2,766 ",412 ,89.19 ,"1,378 ","2,148,260 ","2,148 "
24-Mar-25,160 ,90 ,24 ,298 ,"2,468 ","2,766 ",412 ,89.22 ,"1,382 ","2,148,558 ","2,149 "
25-Mar-25,165 ,90 ,24 ,305 ,"2,590 ","2,895 ",482 ,89.46 ,"1,581 ","2,148,863 ","2,149 "
26-Mar-25,160 ,90 ,24 ,307 ,"2,588 ","2,895 ",482 ,89.40 ,"1,572 ","2,149,170 ","2,149 "
27-Mar-25,190 ,90 ,24 ,310 ,"2,624 ","2,934 ",514 ,89.44 ,"1,661 ","2,149,480 ","2,149 "
28-Mar-25,175 ,90 ,24 ,309 ,"2,625 ","2,934 ",514 ,89.46 ,"1,664 ","2,149,789 ","2,150 "
29-Mar-25,175 ,90 ,24 ,313 ,"2,619 ","2,932 ",504 ,89.31 ,"1,608 ","2,150,102 ","2,150 "
30-Mar-25,165 ,90 ,24 ,314 ,"2,618 ","2,932 ",504 ,89.28 ,"1,603 ","2,150,417 ","2,150 "
31-Mar-25,175 ,90 ,24 ,313 ,"2,572 ","2,885 ",500 ,89.16 ,"1,598 ","2,150,730 ","2,151 "
1-Apr-25,165 ,90 ,24 ,312 ,"2,573 ","2,885 ",500 ,89.19 ,"1,603 ","2,151,042 ","2,151 "
2-Apr-25,175 ,90 ,24 ,314 ,"2,538 ","2,852 ",476 ,88.98 ,"1,516 ","2,151,356 ","2,151 "
3-Apr-25,175 ,90 ,24 ,313 ,"2,539 ","2,852 ",476 ,89.03 ,"1,522 ","2,151,669 ","2,152 "
4-Apr-25,165 ,90 ,24 ,314 ,"2,538 ","2,852 ",476 ,89.00 ,"1,518 ","2,151,982 ","2,152 "
5-Apr-25,175 ,90 ,24 ,313 ,"2,539 ","2,852 ",476 ,89.03 ,"1,522 ","2,152,295 ","2,152 "
6-Apr-25,175 ,90 ,24 ,315 ,"2,556 ","2,871 ",471 ,89.02 ,"1,495 ","2,152,610 ","2,153 "
7-Apr-25,175 ,90 ,24 ,315 ,"2,556 ","2,871 ",471 ,89.04 ,"1,496 ","2,152,925 ","2,153 "
8-Apr-25,165 ,90 ,24 ,316 ,"2,555 ","2,871 ",471 ,89.00 ,"1,491 ","2,153,241 ","2,153 "
9-Apr-25,165 ,90 ,24 ,318 ,"2,592 ","2,910 ",477 ,89.08 ,"1,502 ","2,153,559 ","2,154 "
10-Apr-25,170 ,90 ,24 ,315 ,"2,596 ","2,910 ",477 ,89.19 ,"1,518 ","2,153,873 ","2,154 "
11-Apr-25,165 ,90 ,24 ,314 ,"2,597 ","2,910 ",477 ,89.22 ,"1,522 ","2,154,187 ","2,154 "
12-Apr-25,170 ,90 ,24 ,312 ,"2,535 ","2,847 ",428 ,89.05 ,"1,373 ","2,154,499 ","2,154 "
13-Apr-25,170 ,90 ,24 ,311 ,"2,537 ","2,847 ",428 ,89.09 ,"1,378 ","2,154,809 ","2,155 "
14-Apr-25,175 ,90 ,24 ,310 ,"2,537 ","2,847 ",428 ,89.11 ,"1,380 ","2,155,120 ","2,155 "
15-Apr-25,185 ,90 ,24 ,309 ,"2,523 ","2,832 ",380 ,89.08 ,"1,229 ","2,155,429 ","2,155 "
16-Apr-25,175 ,90 ,24 ,311 ,"2,522 ","2,832 ",380 ,89.03 ,"1,224 ","2,155,739 ","2,156 "
17-Apr-25,195 ,90 ,24 ,310 ,"2,523 ","2,832 ",380 ,89.07 ,"1,228 ","2,156,049 ","2,156 "
18-Apr-25,180 ,90 ,24 ,312 ,"2,521 ","2,832 ",380 ,89.00 ,"1,220 ","2,156,361 ","2,156 "
19-Apr-25,190 ,90 ,24 ,321 ,"2,493 ","2,814 ",365 ,88.58 ,"1,138 ","2,156,682 ","2,157 "
20-Apr-25,165 ,90 ,24 ,321 ,"2,493 ","2,814 ",365 ,88.59 ,"1,138 ","2,157,003 ","2,157 "
21-Apr-25,165 ,90 ,24 ,324 ,"2,491 ","2,814 ",365 ,88.50 ,"1,129 ","2,157,327 ","2,157 "
22-Apr-25,175 ,90 ,24 ,338 ,"2,497 ","2,836 ",368 ,88.07 ,"1,087 ","2,157,665 ","2,158 "
23-Apr-25,180 ,90 ,24 ,338 ,"2,497 ","2,836 ",368 ,88.08 ,"1,087 ","2,158,003 ","2,158 "
24-Apr-25,175 ,90 ,24 ,339 ,"2,496 ","2,836 ",368 ,88.03 ,"1,083 ","2,158,342 ","2,158 "
25-Apr-25,175 ,90 ,24 ,339 ,"2,496 ","2,836 ",368 ,88.04 ,"1,084 ","2,158,682 ","2,159 "
26-Apr-25,180 ,90 ,24 ,341 ,"2,504 ","2,845 ",359 ,88.01 ,"1,053 ","2,159,023 ","2,159 "
27-Apr-25,180 ,90 ,24 ,341 ,"2,504 ","2,845 ",359 ,88.01 ,"1,053 ","2,159,364 ","2,159 "
28-Apr-25,180 ,90 ,24 ,342 ,"2,503 ","2,845 ",359 ,87.98 ,"1,050 ","2,159,706 ","2,160 "
29-Apr-25,180 ,90 ,24 ,345 ,"2,508 ","2,853 ",364 ,87.90 ,"1,053 ","2,160,051 ","2,160 "
30-Apr-25,165 ,90 ,24 ,343 ,"2,510 ","2,853 ",364 ,87.99 ,"1,061 ","2,160,394 ","2,160 "
1-May-25,185 ,90 ,24 ,341 ,"2,512 ","2,853 ",364 ,88.05 ,"1,066 ","2,160,735 ","2,161 "
2-May-25,195 ,90 ,24 ,356 ,"2,455 ","2,811 ",385 ,87.34 ,"1,081 ","2,161,090 ","2,161 "
3-May-25,180 ,90 ,24 ,354 ,"2,456 ","2,811 ",385 ,87.39 ,"1,085 ","2,161,445 ","2,161 "
4-May-25,160 ,90 ,24 ,352 ,"2,459 ","2,811 ",385 ,87.49 ,"1,094 ","2,161,796 ","2,162 "
5-May-25,195 ,90 ,24 ,357 ,"2,507 ","2,864 ",388 ,87.52 ,"1,087 ","2,162,154 ","2,162 "
6-May-25,160 ,90 ,24 ,357 ,"2,508 ","2,864 ",388 ,87.55 ,"1,089 ","2,162,511 ","2,163 "
7-May-25,160 ,90 ,24 ,356 ,"2,508 ","2,864 ",388 ,87.58 ,"1,092 ","2,162,866 ","2,163 "
8-May-25,160 ,90 ,24 ,357 ,"2,507 ","2,864 ",388 ,87.54 ,"1,088 ","2,163,223 ","2,163 "
9-May-25,160 ,90 ,24 ,360 ,"2,574 ","2,934 ",393 ,87.73 ,"1,090 ","2,163,583 ","2,164 "
10-May-25,160 ,90 ,24 ,362 ,"2,572 ","2,934 ",393 ,87.65 ,"1,083 ","2,163,946 ","2,164 "
11-May-25,160 ,90 ,24 ,363 ,"2,571 ","2,934 ",393 ,87.63 ,"1,082 ","2,164,309 ","2,164 "
12-May-25,160 ,90 ,24 ,361 ,"2,572 ","2,934 ",393 ,87.68 ,"1,086 ","2,164,670 ","2,165 "
13-May-25,175 ,90 ,24 ,359 ,"2,539 ","2,898 ",341 ,87.60 ,949 ,"2,165,029 ","2,165 "
14-May-25,160 ,90 ,24 ,359 ,"2,539 ","2,898 ",341 ,87.62 ,950 ,"2,165,388 ","2,165 "
15-May-25,175 ,90 ,24 ,360 ,"2,538 ","2,898 ",341 ,87.59 ,948 ,"2,165,748 ","2,166 "
16-May-25,175 ,90 ,24 ,359 ,"2,539 ","2,898 ",341 ,87.60 ,949 ,"2,166,107 ","2,166 "
17-May-25,170 ,90 ,21 ,307 ,"2,109 ","2,416 ",341 ,87.28 ,"1,110 ","2,166,415 ","2,166 "
18-May-25,160 ,90 ,- ,- ,- ,- ,- ,- ,- ,"2,166,415 ","2,166 "
19-May-25,160 ,90 ,24 ,- ,- ,- ,- ,- ,- ,"2,166,415 ","2,166 "
20-May-25,160 ,90 ,- ,- ,- ,- ,- ,- ,- ,"2,166,415 ","2,166 "
21-May-25,160 ,90 ,- ,- ,- ,- ,- ,- ,- ,"2,166,415 ","2,166 "
22-May-25,160 ,S/I ,- ,- ,- ,- ,- ,- ,- ,"2,166,415 ","2,166 "
23-May-25,- ,S/I ,- ,- ,- ,- ,- ,- ,- ,"2,166,415 ","2,166 "
24-May-25,- ,S/I ,- ,- ,- ,- ,- ,- ,- ,"2,166,415 ","2,166 "
25-May-25,- ,S/I ,- ,- ,- ,- ,- ,- ,- ,"2,166,415 ","2,166 "
26-May-25,- ,S/I ,- ,- ,- ,- ,- ,- ,- ,"2,166,415 ","2,166 "
27-May-25,- ,S/I ,- ,- ,- ,- ,- ,- ,- ,"2,166,415 ","2,166 "
28-May-25,- ,S/I ,- ,- ,- ,- ,- ,- ,- ,"2,166,415 ","2,166 "
29-May-25,- ,S/I ,- ,- ,- ,- ,- ,- ,- ,"2,166,415 ","2,166 "
30-May-25,- ,S/I ,- ,- ,- ,- ,- ,- ,- ,"2,166,415 ","2,166 "
31-May-25,- ,S/I ,- ,- ,- ,- ,- ,- ,- ,"2,166,415 ","2,166 "
1-Jun-25,- ,S/I ,- ,- ,- ,- ,- ,- ,- ,"2,166,415 ","2,166 "
2-Jun-25,- ,S/I ,- ,- ,- ,- ,- ,- ,- ,"2,166,415 ","2,166 "
3-Jun-25,170 ,128 ,21 ,28 ,"2,448 ","2,475 ",349 ,98.87 ,"12,547 ","2,166,442 ","2,166 "
4-Jun-25,165 ,128 ,24 ,66 ,"3,344 ","3,411 ",417 ,98.05 ,"6,275 ","2,166,509 ","2,167 "
5-Jun-25,165 ,128 ,24 ,67 ,"3,343 ","3,411 ",417 ,98.03 ,"6,208 ","2,166,576 ","2,167 "
6-Jun-25,160 ,128 ,24 ,66 ,"3,344 ","3,411 ",417 ,98.06 ,"6,304 ","2,166,642 ","2,167 "
7-Jun-25,165 ,128 ,24 ,63 ,"3,229 ","3,291 ",621 ,98.10 ,"9,925 ","2,166,705 ","2,167 "
8-Jun-25,180 ,128 ,24 ,64 ,"3,228 ","3,291 ",621 ,98.07 ,"9,758 ","2,166,768 ","2,167 "
9-Jun-25,180 ,128 ,24 ,66 ,"3,225 ","3,291 ",621 ,97.98 ,"9,335 ","2,166,835 ","2,167 "
10-Jun-25,190 ,128 ,24 ,71 ,"3,144 ","3,214 ",616 ,97.81 ,"8,732 ","2,166,905 ","2,167 "
11-Jun-25,175 ,128 ,24 ,72 ,"3,142 ","3,214 ",616 ,97.75 ,"8,503 ","2,166,978 ","2,167 "
12-Jun-25,175 ,128 ,24 ,76 ,"3,139 ","3,214 ",616 ,97.65 ,"8,133 ","2,167,054 ","2,167 "
13-Jun-25,180 ,128 ,24 ,77 ,"3,137 ","3,214 ",616 ,97.60 ,"7,989 ","2,167,131 ","2,167 "
14-Jun-25,180 ,128 ,24 ,152 ,"3,207 ","3,359 ",490 ,95.48 ,"3,225 ","2,167,283 ","2,167 "
15-Jun-25,180 ,128 ,24 ,155 ,"3,204 ","3,359 ",490 ,95.39 ,"3,161 ","2,167,438 ","2,167 "
16-Jun-25,185 ,128 ,24 ,157 ,"3,202 ","3,359 ",490 ,95.32 ,"3,115 ","2,167,595 ","2,168 "
17-Jun-25,185 ,128 ,24 ,165 ,"3,166 ","3,330 ",466 ,95.06 ,"2,828 ","2,167,759 ","2,168 "
18-Jun-25,185 ,128 ,24 ,164 ,"3,166 ","3,330 ",466 ,95.08 ,"2,839 ","2,167,923 ","2,168 "
19-Jun-25,190 ,128 ,24 ,162 ,"3,165 ","3,327 ",446 ,95.13 ,"2,753 ","2,168,086 ","2,168 "
20-Jun-25,195 ,128 ,24 ,163 ,"3,164 ","3,327 ",446 ,95.10 ,"2,737 ","2,168,249 ","2,168 "
21-Jun-25,190 ,128 ,24 ,162 ,"3,164 ","3,327 ",446 ,95.12 ,"2,748 ","2,168,411 ","2,168 "
22-Jun-25,185 ,128 ,24 ,164 ,"3,148 ","3,312 ",449 ,95.05 ,"2,736 ","2,168,575 ","2,169 "
23-Jun-25,200 ,128 ,24 ,170 ,"3,108 ","3,278 ",507 ,94.80 ,"2,977 ","2,168,745 ","2,169 "
24-Jun-25,180 ,128 ,24 ,171 ,"3,107 ","3,278 ",507 ,94.78 ,"2,965 ","2,168,916 ","2,169 "
25-Jun-25,190 ,128 ,24 ,179 ,"3,202 ","3,381 ",534 ,94.70 ,"2,984 ","2,169,096 ","2,169 "
26-Jun-25,185 ,128 ,24 ,178 ,"3,203 ","3,381 ",534 ,94.74 ,"3,007 ","2,169,273 ","2,169 "
27-Jun-25,180 ,128 ,24 ,172 ,"3,110 ","3,282 ",469 ,94.75 ,"2,721 ","2,169,446 ","2,169 "
28-Jun-25,180 ,128 ,24 ,173 ,"3,109 ","3,282 ",469 ,94.73 ,"2,713 ","2,169,618 ","2,170 "
29-Jun-25,185 ,128 ,24 ,173 ,"3,109 ","3,282 ",469 ,94.74 ,"2,715 ","2,169,791 ","2,170 "
30-Jun-25,190 ,128 ,24 ,173 ,"3,109 ","3,282 ",469 ,94.73 ,"2,709 ","2,169,964 ","2,170 "
1-Jul-25,190 ,128 ,24 ,174 ,"3,108 ","3,282 ",469 ,94.69 ,"2,690 ","2,170,139 ","2,170 "
2-Jul-25,185 ,128 ,24 ,174 ,"3,108 ","3,282 ",469 ,94.70 ,"2,695 ","2,170,313 ","2,170 "
3-Jul-25,190 ,128 ,24 ,174 ,"3,108 ","3,282 ",469 ,94.69 ,"2,691 ","2,170,487 ","2,170 "
4-Jul-25,190 ,128 ,24 ,174 ,"3,108 ","3,282 ",469 ,94.70 ,"2,693 ","2,170,661 ","2,171 "
5-Jul-25,190 ,128 ,24 ,174 ,"3,108 ","3,282 ",469 ,94.71 ,"2,698 ","2,170,835 ","2,171 "
6-Jul-25,180 ,128 ,24 ,173 ,"3,109 ","3,282 ",469 ,94.72 ,"2,704 ","2,171,008 ","2,171 "
7-Jul-25,195 ,128 ,24 ,173 ,"3,109 ","3,282 ",469 ,94.73 ,"2,713 ","2,171,181 ","2,171 "
8-Jul-25,175 ,128 ,24 ,173 ,"3,109 ","3,282 ",469 ,94.74 ,"2,716 ","2,171,354 ","2,171 "
9-Jul-25,175 ,128 ,24 ,177 ,"3,207 ","3,384 ",480 ,94.76 ,"2,704 ","2,171,531 ","2,172 "
10-Jul-25,175 ,128 ,24 ,178 ,"3,206 ","3,384 ",480 ,94.74 ,"2,694 ","2,171,709 ","2,172 "
11-Jul-25,185 ,128 ,24 ,179 ,"3,205 ","3,384 ",480 ,94.72 ,"2,685 ","2,171,888 ","2,172 "
12-Jul-25,175 ,128 ,24 ,178 ,"3,206 ","3,384 ",480 ,94.73 ,"2,690 ","2,172,066 ","2,172 "
13-Jul-25,180 ,128 ,24 ,178 ,"3,206 ","3,384 ",480 ,94.74 ,"2,695 ","2,172,244 ","2,172 "
14-Jul-25,180 ,128 ,24 ,179 ,"3,205 ","3,384 ",480 ,94.72 ,"2,681 ","2,172,423 ","2,172 "
15-Jul-25,175 ,128 ,24 ,178 ,"3,206 ","3,384 ",480 ,94.73 ,"2,689 ","2,172,601 ","2,173 "
16-Jul-25,180 ,128 ,24 ,180 ,"3,204 ","3,384 ",480 ,94.69 ,"2,669 ","2,172,781 ","2,173 "
17-Jul-25,180 ,128 ,24 ,177 ,"3,139 ","3,316 ",452 ,94.66 ,"2,552 ","2,172,958 ","2,173 "