Reading Time,Average Amps (A) (Raw),Drive Frequency (Hz) (Raw),Intake Pressure (psi) (Raw),Discharge Pressure (psi) (Raw),Intake Temperature (F) (Raw),Motor Temperature (F) (Raw),Vibration (gravit) (Raw),Virtual Rate (BFPD) (Raw)
2025-07-27 15:00:00,0.0,0.0,820.6999999996251,821.700000000333,83.86666666999999,81.066666662,0.00611829726,0.0
2025-07-27 15:30:00,0.0,0.0,0.0,0.0,-4.000000330961481e-09,-4.000000330961481e-09,0.0,0.0
2025-07-27 16:00:00,,,,,,,,
2025-07-27 16:30:00,,,,,,,,
2025-07-27 17:00:00,,,,,,,,
2025-07-27 17:30:00,,,,,,,,
2025-07-27 18:00:00,,,,,,,,
2025-07-27 18:30:00,,,,,,,,
2025-07-27 19:00:00,,,,,,,,
2025-07-27 19:30:00,,,,,,,,
2025-07-27 20:00:00,,,,,,,,
2025-07-27 20:30:00,,,,,,,,
2025-07-27 21:00:00,,,,,,,,
2025-07-27 21:30:00,0.0,0.0,824.000000000512,823.700000000299,88.199999996,85.400000006,0.00611829726,0.0
2025-07-27 22:00:00,9.1,13.5,823.099999999874,1100.0999999995215,89.6,94.800000002,0.0056084391550000005,781.8468025646034
2025-07-27 22:30:00,19.226666666666667,44.4,817.240000000075,2406.2200000000075,92.2333333352,115.6933333328,0.006594164824666667,1287.6150034068853
2025-07-27 23:00:00,19.85,45.0,812.8899999998954,2388.415000000209,93.5449999979,117.47500000069999,0.006781112796499999,1309.5793811193528
2025-07-27 23:30:00,20.375,45.0,807.74499999995,2374.050000000043,94.29000000170001,119.16499999909999,0.0062712546915,1350.660581658827
2025-07-28 00:00:00,20.31875,45.0,804.7874999999588,2365.268750000006,94.937500000625,120.118750001375,0.00624576178625,1348.899821511047
2025-07-28 00:30:00,20.1,45.0,803.614999999926,2357.8450000000976,95.8849999979,120.44999999839999,0.0064751979335,1331.3599223601511
2025-07-28 01:00:00,20.224999999999998,45.0,800.962499999788,2345.462500000211,96.575000001125,121.4312499995,0.006054564996875,1336.5984052693454
2025-07-28 01:30:00,20.28125,45.0,799.0937500000053,2303.6812499999924,97.28750000075,122.099999999,0.0063732263125,1349.8778495753925
2025-07-28 02:00:00,19.857894736842105,45.0,798.3684210527769,2253.2368421052265,97.96842105042104,122.01052631663158,0.00654765145368421,1339.2753312902203
2025-07-28 02:30:00,19.957894736842103,45.0,796.2947368420034,2294.2631578949,98.631578948,122.4947368428421,0.006386643631052631,1355.9587139156663
2025-07-28 03:00:00,19.15,45.0,794.9062499998498,2300.212500000074,99.125000000375,123.3437499995,0.006436958575625,1341.5051092740598
2025-07-28 03:30:00,19.235714285714288,45.0,794.2357142857625,2297.8714285713713,99.85714285614286,123.08571428642857,0.0064824816207142855,1339.7567198733873
2025-07-28 04:00:00,19.14,45.0,793.1000000000936,2309.9466666664653,100.43333333000001,123.6066666668,0.006186278340666667,1326.5739383637049
2025-07-28 04:30:00,18.913333333333334,45.0,792.2400000000646,2334.786666666752,100.9666666652,123.71333333119999,0.006390221582666666,1302.179723316171
2025-07-28 05:00:00,19.26111111111111,45.0,790.3277777775679,2365.3111111111375,101.461111113,124.766666668,0.006514853563888889,1306.9828765800075
2025-07-28 05:30:00,18.3375,45.0,790.175000000125,2385.4562500001625,101.943749998625,124.12500000125,0.00650069083875,1302.842434365421
2025-07-28 06:00:00,18.95714285714286,45.0,787.8857142857202,2389.8047619047875,102.295238096,125.18571428514285,0.006506760578095239,1280.8429706965462
2025-07-28 06:30:00,18.78421052631579,45.0,787.7000000000708,2389.7263157894595,102.63157894589473,124.8210526308421,0.007138013469999999,1282.962515947799
2025-07-28 07:00:00,19.16842105263158,45.0,785.5526315789479,2392.4842105262705,102.90526315463158,125.6210526323158,0.00654765145368421,1273.3612937476157
2025-07-28 07:30:00,18.894444444444446,46.0,785.538888888994,2398.111111111243,103.13333333700001,125.95555555600001,0.006571504464444444,1321.3795415621526
2025-07-28 08:00:00,19.080000000000002,46.0,784.4100000001758,2398.5850000000873,103.3450000043,126.6950000003,0.006526183744,1309.8086779556397
2025-07-28 08:30:00,19.03,46.0,783.2799999998105,2401.7949999999682,103.54500000139998,126.8500000001,0.0064751979335,1290.924110279058
2025-07-28 09:00:00,18.641176470588235,46.0,782.3764705881911,2404.464705882556,103.70000000035294,126.78235293941177,0.006538180405294117,1297.6824479899315
2025-07-28 09:30:00,3.8600000000000003,8.197,773.0700000000494,1024.5199999998763,103.6000000004,111.93500000030001,0.0061692830705,216.33515428977844
2025-07-28 10:00:00,19.375,32.05,783.6499999998553,1604.8100000000243,103.4850000011,109.44999999950001,0.006730126986,519.6564627521327
2025-07-28 10:30:00,14.582608695652173,45.91304347826087,790.3086956520311,2370.3565217390565,105.10000000034783,120.49999999973913,0.007093677982608696,1004.8185038461933
2025-07-28 11:00:00,11.716666666666667,35.77777777777778,792.6444444445056,2082.1666666665633,107.872222223,124.516666665,0.006741457166111111,1007.4495527447993
2025-07-28 11:30:00,12.844999999999999,18.0,774.5850000000344,1488.9850000001593,109.2399999962,115.6150000004,0.006220268881,374.40642781530636
2025-07-28 12:00:00,16.97,43.75,782.5800000001127,2367.839999999779,109.15499999839999,128.4049999985,0.0063222405019999995,1170.2840456828071
2025-07-28 12:30:00,19.316666666666666,46.0,749.3166666666212,2416.8250000000476,107.09999999749999,129.600000002,0.0062882499616666665,1309.7029030775254
2025-07-28 13:00:00,20.728571428571428,46.0,746.1809523809138,2400.3142857142957,105.82380952400001,131.40952381057144,0.006555318492857143,1337.0039222617686
2025-07-28 13:30:00,21.91,46.7,745.5399999999875,2293.8999999998455,105.07000000010001,131.9849999996,0.0062202688810000005,1596.9255443929062
2025-07-28 14:00:00,25.3,50.0,756.4086956520489,2270.773913043506,104.89130434713044,136.4391304347826,0.006605987621304348,2261.7023219905514
2025-07-28 14:30:00,25.228,50.0,770.6680000000451,2357.079999999975,105.04000000184,137.64799999976,0.0066893383376000004,2380.031401952288
2025-07-28 15:00:00,25.355555555555558,50.0,772.0185185187445,2402.2629629630255,105.22592592866667,137.30000000066667,0.006873642600740741,2280.0877552798124
2025-07-28 15:30:00,26.066666666666666,50.0,770.6333333333573,2416.966666666533,105.333333332,137.577777776,0.0062882499616666665,2380.0541842992043
2025-07-28 16:00:00,24.491999999999997,50.0,771.3439999998857,2421.2480000001124,105.60000000272001,136.64400000224,0.0068932815796,2380.027898931553
2025-07-28 16:30:00,24.347826086956523,50.0,768.9434782608563,2412.2565217389642,105.9260869572174,136.57391304252175,0.006960671520434783,2380.0220596407094
2025-07-28 17:00:00,27.013636363636362,51.0,766.8227272727629,2412.7545454546666,105.8136363639091,140.18181818163637,0.006952610522727273,1729.8034299432693
2025-07-28 17:30:00,27.257142857142856,51.0,759.980952381087,2386.84761904776,105.96190476371427,139.028571428,0.006506760578095239,1633.463811978406
2025-07-28 18:00:00,26.58695652173913,51.0,761.3695652174372,2420.978260869586,105.83043478347827,139.22173913156522,0.007226684444782608,1835.559202988121
2025-07-28 18:30:00,26.28,51.0,762.2399999997764,2419.01000000012,105.8500000013,138.0600000023,0.0066791411755,1939.0147061836044
2025-07-28 19:00:00,27.28,51.0,755.3749999998458,2412.5400000001073,105.82000000069999,139.5449999987,0.0068830844175,1847.7731800271383
2025-07-28 19:30:00,26.282608695652176,51.0,759.2260869565001,2414.704347826016,105.72608695686958,139.5826086943478,0.006783329570869565,2000.039125124358
2025-07-28 20:00:00,26.761904761904763,51.0,760.8333333333808,2413.8619047619095,105.69523809628572,138.70000000057144,0.006895223896190476,2016.1286405900391
2025-07-28 20:30:00,27.88695652173913,51.0,752.017391304266,2433.273913043378,105.30869565121739,140.0260869586087,0.007226684444782608,1474.3194552507798
2025-07-28 21:00:00,25.972727272727273,51.0,756.2136363635422,2426.1545454543334,104.85454545336364,138.24090909172727,0.0072307149436363636,1930.9991809398853
2025-07-28 21:30:00,27.274074074074072,51.0,755.5851851852684,2442.7777777777937,104.92962963,138.070370372,0.007024711668888889,1609.1221146614719
2025-07-28 22:00:00,26.031999999999996,51.0,756.9920000002222,2432.235999999945,104.98000000063999,138.01199999864,0.0074643226572,2023.717035221625
2025-07-28 22:30:00,25.811999999999998,51.0,761.4799999998619,2405.007999999922,105.55199999816001,138.17599999952,0.0077906318444,2135.8041277946627
2025-07-28 23:00:00,26.845454545454547,51.0,755.9499999999829,2408.6272727273717,105.63181818390909,138.91818181836362,0.006998961259545455,1792.78924567848
2025-07-28 23:30:00,27.172727272727272,51.0,751.9954545456693,2394.168181818326,105.53181817999999,138.7863636341818,0.007323416417272727,1669.5776341952069
2025-07-29 00:00:00,26.531578947368423,51.0,752.5684210527073,2413.8368421053015,105.33684210610527,139.43684210378947,0.007782044760526316,1795.4520397438873
2025-07-29 00:30:00,26.508695652173916,51.0,755.5000000002402,2414.79130434788,105.4130434778261,137.0565217392174,0.007980387730434782,2038.7373118816438
2025-07-29 01:00:00,28.05,51.0,751.106249999923,2425.725000000036,105.043749998,139.96874999862501,0.007456674785625,1339.055558349118
2025-07-29 01:30:00,25.32,51.0,755.0320000000523,2428.4200000000264,104.89599999968,137.70799999951998,0.007341956712,1936.1099766418422
2025-07-29 02:00:00,26.633333333333333,51.0,751.2523809525496,2420.280952381014,105.0428571422857,137.80952381,0.007672150532380952,1775.8470462561183
2025-07-29 02:30:00,27.96666666666667,51.0,745.2208333332277,2450.5291666665325,104.945833334,139.49999999975,0.007435430697916666,1547.8396704816303
2025-07-29 03:00:00,26.97,51.0,748.3500000001645,2407.0950000003136,104.9599999976,139.01,0.008310687111499999,1619.8872191967016
2025-07-29 03:30:00,27.21153846153846,51.0,746.0999999999543,2424.2076923078457,105.08461538553846,139.4538461523846,0.007412552449615385,1527.4332547507254
2025-07-29 04:00:00,26.270833333333332,51.0,749.6916666665848,2434.9291666667873,104.94583333325,138.67083333125,0.007817824276666666,1917.2238640167686
2025-07-29 04:30:00,27.695238095238096,51.0,748.4190476191437,2430.419047619175,104.87619047428572,139.1333333342857,0.007283687214285714,1644.2597341989087
2025-07-29 05:00:00,27.310000000000002,51.0,746.2400000001206,2445.580000000011,104.7299999999,138.7799999987,0.007443928333,1548.696326691104
2025-07-29 05:30:00,25.55,51.0,748.6772727272473,2423.0363636363163,104.78181818136363,137.8909090899091,0.008111378943181818,1928.6391501102623
2025-07-29 06:00:00,27.977777777777778,51.0,742.7333333334201,2437.2111111110526,105.005555554,139.48888888899998,0.007421267972777778,1301.625232883604
2025-07-29 06:30:00,25.66190476190476,51.0,749.5999999998965,2421.5952380952635,104.84285714171429,137.71904761914286,0.00786638219142857,2115.454391737788
2025-07-29 07:00:00,27.16818181818182,51.0,746.2636363636155,2419.9090909090705,104.668181816,139.44999999936363,0.008111378943181818,1625.2020147988633
2025-07-29 07:30:00,27.781818181818185,51.0,739.1454545453371,2448.804545454685,104.37272727227273,139.063636364,0.008250431153636363,1439.3842999407336
2025-07-29 08:00:00,25.474999999999998,51.0,746.8291666666727,2429.045833333396,104.50833333125,137.25833333225,0.009389886767083333,2033.67972923218
2025-07-29 08:30:00,26.70909090909091,51.0,743.51363636358,2438.5000000001583,104.79090909036364,137.70909090909092,0.008018677469545455,1687.1072650223164
2025-07-29 09:00:00,26.366666666666667,51.0,748.4499999998648,2421.744444444552,104.977777778,137.683333333,0.007477918873333333,1842.629468728571
2025-07-29 09:30:00,26.48888888888889,51.0,743.8611111110297,2403.0444444444433,105.01666666700001,139.427777777,0.0073646170722222225,1611.7898196818405
2025-07-29 10:00:00,26.53478260869565,51.0,743.8608695652863,2420.821739130282,105.1217391293913,137.4826086961739,0.007492697369130435,1711.5680206454813
2025-07-29 10:30:00,25.919999999999998,51.0,742.3049999999446,2406.4749999999467,105.2099999996,137.86499999929998,0.0074949141435,1895.334111405339
2025-07-29 11:00:00,26.857692307692307,51.0,739.9807692308527,2425.546153846252,105.13846153815385,139.2076923073077,0.006863474490384615,1584.0391787510696
2025-07-29 11:30:00,26.275,51.0,738.1999999998656,2409.5150000000676,105.044999999,137.615,0.007341956712,1825.0073391664896
2025-07-29 12:00:00,27.34090909090909,51.0,735.5318181818443,2410.590909090751,104.96363636136363,139.504545455,0.006628155365,1564.9347093139825
2025-07-29 12:30:00,27.430434782608696,51.0,735.3913043478875,2428.8130434784703,104.93043478113043,138.79130434895652,0.006827665058260869,1480.7255652772308
2025-07-29 13:00:00,26.385,51.0,736.639999999921,2411.4399999999814,104.6649999983,138.4950000002,0.0084126587325,1830.5207970451506
2025-07-29 13:30:00,27.24761904761905,51.0,733.3380952381469,2433.880952381045,104.42380952514287,138.97619047914284,0.007769266361904763,1593.415623091972
2025-07-29 14:00:00,25.857894736842105,51.0,740.063157894582,2435.7210526314657,104.52631578894737,138.0842105274737,0.006493982179473684,2017.443366199715
2025-07-29 14:30:00,26.789473684210527,51.0,733.2315789475664,2428.3684210526562,104.48947368263158,138.47894736894736,0.007460029115263158,1582.162164817892
2025-07-29 15:00:00,26.27857142857143,51.0,739.282142857122,2423.767857142867,104.70357142764286,138.12500000042857,0.007101595033928571,1836.916086635545
2025-07-29 15:30:00,27.095652173913045,51.0,732.973913043341,2423.4695652173477,104.72608695669567,139.21739130356522,0.007581368343913043,1660.005662304579
2025-07-29 16:00:00,25.63157894736842,51.0,739.3684210525192,2423.563157894716,104.94210526273685,138.28421052547367,0.007406359841052632,1945.33808311011
2025-07-29 16:30:00,27.400000000000002,51.0,739.1999999998446,2419.673684210576,111.38947368610528,145.7631578953684,0.007621036937894738,1581.8898496139282
2025-07-29 17:00:00,27.09047619047619,51.0,732.6285714287421,2426.3095238095725,221.11428571485717,283.509523808,0.007235129299523809,1402.7876332544506
2025-07-29 17:30:00,26.293333333333333,51.0,735.6533333332083,2414.416666666678,220.7700000002,280.9000000004,0.008361672922,1724.0341772480815
2025-07-29 18:00:00,26.68,51.0,732.4799999999483,2432.7899999999704,220.69333333519998,279.4533333344,0.008973502648,1658.1713206985416
2025-07-29 18:30:00,26.84333333333333,51.0,731.1433333333501,2430.59666666663,220.4733333332,281.8266666674,0.008327682381666666,1591.9073935133608
2025-07-29 19:00:00,25.813333333333333,51.0,735.8933333332332,2418.3666666666227,220.79000000059997,279.706666667,0.008633597244666667,1836.545339991077
2025-07-29 19:30:00,26.93,51.0,735.0200000001031,2406.423333333388,221.11333333460001,280.4933333342,0.007749843196,1498.8554082149797
2025-07-29 20:00:00,27.723333333333336,51.0,727.0100000000385,2416.0733333334542,220.7666666666,283.11333333259995,0.007104022929666666,1125.3692592363398
2025-07-29 20:30:00,26.68,51.0,731.5900000000913,2415.1733333332522,220.39666666579998,281.4133333346,0.007987776978333333,1539.6824157996127
2025-07-29 21:00:00,27.403333333333332,51.0,727.9900000000558,2431.1633333332147,219.9833333336,281.2133333342,0.007477918873333334,1463.4597839037065
2025-07-29 21:30:00,25.816666666666666,51.0,732.8933333332841,2444.1166666665854,220.000000001,279.3366666668,0.007307966171666667,1902.0318129800605
2025-07-29 22:00:00,26.62,51.0,733.6399999999478,2428.243333333322,220.373333333,279.520000001,0.007138013469999999,1986.8944534565644
2025-07-29 22:30:00,26.32,51.0,730.6866666666016,2419.7833333333742,220.31666666779998,280.6033333322,0.007749843196,1486.9007339257491
2025-07-29 23:00:00,26.423333333333332,51.0,733.3433333333611,2401.14666666661,221.0666666666,279.1833333326,0.007477918873333334,1685.620577172464
2025-07-29 23:30:00,27.18,51.0,726.6533333332644,2410.229999999996,221.1666666662,282.53,0.008293691841333333,1091.7665499203529
2025-07-30 00:00:00,28.65,51.0,719.4133333334551,2399.460000000007,219.976666667,284.85666666739996,0.00917744589,542.9998540298124
2025-07-30 00:30:00,26.853333333333335,51.0,731.3633333334092,2423.3333333332785,219.6633333344,281.4566666678,0.008599606704333332,1696.9791508383162
2025-07-30 01:00:00,27.740000000000002,51.0,728.5566666667854,2477.946666666708,219.3766666676,280.7066666678,0.008327682381666666,1428.3794960520422
2025-07-30 01:30:00,27.13,51.0,729.9533333333777,2460.636666666633,219.1399999988,282.383333333,0.008429654002666665,1774.1988841047576
2025-07-30 02:00:00,27.373333333333335,51.0,730.1599999999972,2430.230000000042,218.946666665,280.7100000002,0.007783833736333333,1682.8803709815998
2025-07-30 02:30:00,27.123333333333335,51.0,730.7800000000495,2437.1833333333193,218.846666666,280.2433333346,0.008599606704333332,1729.5043053811446
2025-07-30 03:00:00,27.113333333333333,51.0,730.0499999999678,2430.276666666596,218.87666666479998,279.53999999900003,0.007715852655666666,1820.747033245689
2025-07-30 03:30:00,27.25,51.0,727.4900000000887,2432.02666666658,218.610000002,280.1633333348,0.008497635083333333,1644.1761957932613
2025-07-30 04:00:00,27.15,51.0,728.683333333445,2419.7900000000445,218.5700000006,279.97999999940004,0.008055758059,1821.6852051700027
2025-07-30 04:30:00,27.45,51.0,727.7400000000238,2429.163333333297,218.3666666696,279.7233333344,0.007851814817,1542.0065773728527
2025-07-30 05:00:00,27.396666666666665,51.0,726.3833333333149,2421.249999999919,218.1233333324,280.08333333379994,0.007783833736333333,1684.4645685746714
2025-07-30 05:30:00,27.259999999999998,51.0,727.0066666666546,2430.323333333442,218.11333333160002,279.1566666698,0.008055758059,1658.5772499163347
2025-07-30 06:00:00,26.966666666666665,51.0,727.2966666667149,2432.419999999998,217.96666666520002,279.2400000002,0.008429654002666665,1775.0846076409148
2025-07-30 06:30:00,27.65,51.0,725.6066666666301,2423.2466666666464,217.8666666668,279.4400000006,0.009245426970666666,1590.4303374816052
2025-07-30 07:00:00,26.89,51.0,726.1166666666528,2426.1066666666406,217.88000000120002,278.706666668,0.008905521567333334,1777.1097204685732
2025-07-30 07:30:00,27.173333333333336,51.0,725.7600000000235,2425.2666666666732,217.7666666684,279.4433333336,0.009211436430333333,1725.54220056346
2025-07-30 08:00:00,27.69333333333333,51.0,724.0066666667539,2421.020000000046,217.7566666676,279.2233333334,0.008531625623666666,1495.4170103128417
2025-07-30 08:30:00,27.063333333333333,51.0,724.6266666666612,2421.386666666634,217.7966666684,278.5166666666,0.008599606704333332,1725.5171757192218
2025-07-30 09:00:00,27.529999999999998,51.0,723.366666666639,2421.636666666716,217.5733333358,279.55666666760004,0.008837540486666667,1546.1989695586465
2025-07-30 09:30:00,26.740000000000002,51.0,723.583333333314,2423.76333333334,217.5300000026,279.1733333336,0.007919795897666667,2009.6004386603229
2025-07-30 10:00:00,25.396666666666665,51.0,723.366666666784,2427.703333333326,217.3666666688,277.5966666668,0.009449370212666668,2380.0794984722966
2025-07-30 10:30:00,25.9,51.0,721.1933333333619,2424.863333333442,217.17666666559998,278.24000000179996,0.009211436430333333,2380.0891295514502
2025-07-30 11:00:00,25.990000000000002,51.0,721.3900000000228,2416.393333333294,217.18333333220002,277.6333333334,0.008667587785000002,2380.088569835214
2025-07-30 11:30:00,25.203333333333333,51.0,723.1566666667804,2417.1166666668014,217.1766666638,276.916666667,0.008021767518666668,2380.0677648966785
2025-07-30 12:00:00,25.543333333333333,51.0,720.1433333331985,2418.4399999999605,217.0133333324,277.82999999900005,0.008293691841333333,2380.0808956831
2025-07-30 12:30:00,25.7,51.0,720.4133333334381,2421.7599999999425,217.02000000019999,277.3400000006,0.00815772968,2380.084000850441
2025-07-30 13:00:00,25.476666666666667,51.0,720.2866666667784,2416.8100000000622,217.0366666646,277.0233333338,0.007987776978333333,2380.0505328620116
2025-07-30 13:30:00,25.44,51.0,719.7233333333844,2418.1000000000563,216.92,277.416666665,0.007953786438,2380.077123398364
2025-07-30 14:00:00,25.65,51.0,720.1133333333707,2419.8966666665942,216.8300000012,277.6633333322,0.007511909413666667,2380.083998783557
2025-07-30 14:30:00,25.55,51.0,720.270000000003,2419.5600000000277,216.88333333399999,277.14333333319996,0.007647871575,2380.0765187719885
2025-07-30 15:00:00,25.21333333333333,51.0,720.9100000000697,2420.1333333333314,216.83000000060002,276.75000000020003,0.008055758059,2380.073306426063
2025-07-30 15:30:00,25.266666666666666,51.0,720.3100000000317,2416.5666666667503,216.7733333336,276.9999999992,0.007715852655666666,2380.0702259773648
2025-07-30 16:00:00,25.66,51.0,719.4100000000227,2420.5066666666876,216.7500000002,277.356666668,0.008395663462333334,2380.083217361575
2025-07-30 16:30:00,25.363333333333333,51.0,719.7699999999392,2418.8866666666045,216.7366666676,276.81000000079996,0.0070020513086666665,2380.0601242522002
2025-07-30 17:00:00,25.646666666666665,51.0,719.0166666666042,2416.4499999999043,216.8000000024,277.39666666759996,0.007715852655666666,2380.0704180849298
2025-07-30 17:30:00,25.396666666666665,51.0,719.1566666667517,2419.196666666678,216.806666669,277.9233333338,0.007307966171666667,2380.0716167976616
2025-07-30 18:00:00,26.4,51.0,718.8766666666985,2411.0466666667076,216.7600000034,277.136666666,0.007273975631333333,2102.538602300363
2025-07-30 18:30:00,27.396666666666665,51.0,718.5166666666852,2421.896666666658,217.0133333318,278.2766666666,0.0070020513086666665,1706.9837416678126
2025-07-30 19:00:00,26.516666666666666,51.0,718.623333333379,2416.896666666838,217.3066666652,276.8533333334,0.007138013469999999,1778.233245126885
2025-07-30 19:30:00,27.3,51.0,717.4266666667351,2416.2400000000935,217.2366666632,279.1366666688,0.007002051308666667,1640.5239641543455
2025-07-30 20:00:00,27.233333333333334,51.0,717.3633333333569,2415.0833333333326,217.2966666656,278.0066666678,0.007239985091,1775.6269830391022
2025-07-30 20:30:00,26.92,51.0,717.5999999999979,2409.4599999998845,217.3066666664,277.8200000006,0.007239985091,1775.2024066553697
2025-07-30 21:00:00,26.78666666666667,51.0,717.3466666665817,2418.4199999999937,217.4366666654,277.42000000099995,0.006662145905333333,1779.195882154042
2025-07-30 21:30:00,27.073333333333334,51.0,716.4366666667107,2417.6900000000082,217.48333333399998,278.759999999,0.006900079687666667,1769.9182609761092
2025-07-30 22:00:00,26.506666666666668,51.0,717.2533333335691,2410.69000000003,217.9433333324,276.3833333336,0.006798108066666667,1867.5491528376099
2025-07-30 22:30:00,26.71333333333333,51.0,716.6633333334897,2404.7433333332133,217.843333334,278.2999999994,0.007002051308666667,1846.2503896463072
2025-07-30 23:00:00,27.273333333333333,51.0,715.6633333334099,2405.5766666667014,217.70000000119998,278.89333333279995,0.006832098607,1660.8992995732758
2025-07-30 23:30:00,27.17,51.0,715.3366666667536,2397.0399999998886,217.763333333,278.53333333340004,0.006866089147333334,1681.877033204161
2025-07-31 00:00:00,27.40666666666667,51.0,714.6000000000487,2421.1633333334335,217.6433333366,279.17666666599996,0.006662145905333333,1568.0575382312106
2025-07-31 00:30:00,27.52,51.0,713.7233333333896,2424.333333333406,217.6000000028,278.9766666662,0.006866089147333334,1544.082932761089
2025-07-31 01:00:00,27.19333333333333,51.0,713.8999999999882,2432.919999999965,217.5900000032,278.99333333360005,0.006832098607,1683.1250172957714
2025-07-31 01:30:00,27.223333333333336,51.0,713.4500000000078,2438.033333333101,217.6566666692,279.1466666642,0.006764117526333334,1730.028527329918
2025-07-31 02:00:00,27.503333333333334,51.0,713.0199999999934,2432.683333333276,217.6833333362,279.06999999979996,0.0070020513086666665,1522.5646350733402
2025-07-31 02:30:00,27.233333333333334,51.0,712.796666666695,2426.4499999999757,217.72666666819998,278.7066666668,0.007477918873333334,1638.2763114298057
2025-07-31 03:00:00,27.496666666666666,51.0,712.1333333334239,2427.1333333333578,217.6266666692,279.5433333338,0.007172004010333333,1630.73766778491
2025-07-31 03:30:00,27.293333333333333,51.0,711.8433333333153,2429.1166666666454,217.556666669,279.0333333332,0.006934070228,1639.6281934691388
2025-07-31 04:00:00,27.296666666666667,51.0,711.1400000001607,2426.5133333334993,217.50000000379998,278.9566666652,0.007036041849,1593.1050389104328
2025-07-31 04:30:00,27.033333333333335,51.0,711.306666666752,2436.403333333348,217.5200000006,278.8999999994,0.006900079687666667,1777.5620364572535
2025-07-31 05:00:00,27.416666666666668,51.0,710.7499999999811,2426.533333333368,217.5533333348,278.696666666,0.006696136445666666,1546.372868601755
2025-07-31 05:30:00,27.18,51.0,710.5999999999233,2420.7200000001235,217.55333333660002,278.4233333336,0.006832098607,1594.9235872125835
2025-07-31 06:00:00,27.220000000000002,51.0,710.0066666666048,2418.456666666735,217.5766666676,278.3900000012,0.006798108066666667,1641.6191820978
2025-07-31 06:30:00,27.236666666666668,51.0,709.6233333333869,2421.593333333253,217.436666669,279.0500000024,0.006798108066666667,1594.5519699186507
2025-07-31 07:00:00,26.816666666666666,51.0,709.6266666667226,2418.613333333416,217.58000000360002,278.189999999,0.006526183744,1827.3215725240664
2025-07-31 07:30:00,27.53666666666667,51.0,708.7900000001403,2422.119999999907,217.55666666719998,278.60666666599997,0.006866089147333334,1503.3734718699861
2025-07-31 08:00:00,27.083333333333332,51.0,708.6433333333697,2417.7166666667904,217.55333333660002,278.4099999998,0.006662145905333333,1732.7038933947158
2025-07-31 08:30:00,26.996666666666666,51.0,708.5400000000596,2415.543333333369,217.5933333374,278.2733333336,0.007205994550666667,1712.0727877019208
2025-07-31 09:00:00,26.333333333333332,51.0,709.0200000000128,2413.476666666737,217.87333333220002,276.356666666,0.007138013469999999,1869.4116765377453
2025-07-31 09:30:00,27.39333333333333,51.0,707.8999999998965,2405.9366666667142,217.8633333338,278.7800000006,0.007307966171666667,1589.068948131931
2025-07-31 10:00:00,27.80666666666667,51.0,706.6199999999086,2411.373333333365,217.49666666599998,280.5833333324,0.007205994550666667,1319.7729981977316
2025-07-31 10:30:00,27.736666666666668,51.0,705.7999999999081,2387.2933333332808,217.49333333479998,279.613333331,0.0069680607683333335,1456.9458220962276
2025-07-31 11:00:00,26.896666666666665,51.0,706.1099999999341,2452.4900000001426,217.433333333,278.92333333280004,0.007443928333000001,1756.6635607144299
2025-07-31 11:30:00,27.133333333333333,51.0,705.8766666666774,2428.2766666667276,217.583333336,278.6400000002,0.007341956712,1645.1514604299873
2025-07-31 12:00:00,27.209999999999997,51.0,705.6399999999397,2428.730000000045,217.643333336,278.38666666579996,0.007205994550666667,1643.5629542073343
2025-07-31 12:30:00,27.15,51.0,705.463333333293,2408.5066666666976,217.6900000016,278.4800000018,0.0070020513086666665,1733.03680906034
2025-07-31 13:00:00,27.09,51.0,704.9466666665988,2409.2866666665727,217.6866666674,278.59000000040004,0.007953786438,1619.4499183270766
2025-07-31 13:30:00,26.61,51.0,705.3900000000527,2407.916666666715,217.96000000040002,277.3599999998,0.008021767518666666,1870.1620231363515
2025-07-31 14:00:00,26.68,51.0,704.8166666667003,2407.6266666667043,217.8699999992,278.683333334,0.007307966171666667,1826.518546251143
2025-07-31 14:30:00,27.41,51.0,704.0833333334277,2397.9900000000284,217.8066666674,279.14000000000004,0.0076138810346666665,1528.970015573911
2025-07-31 15:00:00,27.15666666666667,51.0,703.7000000000645,2398.1233333332625,217.8533333336,278.5366666658,0.0076138810346666665,1637.85827883757
2025-07-31 15:30:00,26.990000000000002,51.0,703.3133333333658,2403.5033333333504,217.8233333348,278.436666668,0.007205994550666667,1731.7595018307843
2025-07-31 16:00:00,27.19333333333333,51.0,702.580000000045,2408.886666666629,217.543333334,280.10333333299997,0.007443928333,1523.7915668381327
2025-07-31 16:30:00,27.073333333333334,51.0,702.4233333334606,2412.976666666674,217.89333333320002,278.58333333379994,0.007002051308666667,1685.1226514547468
2025-07-31 17:00:00,27.123333333333335,51.0,702.3500000000753,2422.5799999999913,217.9366666658,278.5066666658,0.007477918873333334,1550.6661555172898
2025-07-31 17:30:00,27.184375,51.0,701.9750000000273,2402.6406249998686,217.946874999875,278.209375001375,0.007201745733125,1601.0931948773855
2025-07-31 18:00:00,26.446666666666665,51.0,701.9066666667665,2398.1866666666415,217.9999999982,278.3566666658,0.007070032389333333,1829.7090088294601
2025-07-31 18:30:00,26.97741935483871,51.0,701.648387096769,2403.029032258102,218.13870967438712,277.970967742129,0.007434060111612903,1711.6837070134
2025-07-31 19:00:00,27.185294117647057,51.0,701.0617647057962,2401.6617647058074,218.04705881970588,278.34411764776473,0.007977779760588236,1649.3240376113458
2025-07-31 19:30:00,26.83421052631579,51.0,700.6921052631354,2392.231578947373,218.04473684015792,278.6973684207895,0.007111178832894738,1760.6352960717497
2025-07-31 20:00:00,26.691428571428574,51.0,700.477142857073,2405.88571428572,218.10857142560002,278.0428571430285,0.007487630456285714,1749.5925813580095
2025-07-31 20:30:00,26.818181818181817,51.0,699.9575757576139,2406.124242424173,218.03636363381818,279.13939394,0.006798108066666667,1750.027105194341
2025-07-31 21:00:00,27.316129032258065,51.0,699.403225806307,2405.6419354838863,218.09032258012905,278.5838709687742,0.006940649042258064,1578.1073045300277
2025-07-31 21:30:00,26.336666666666666,51.0,699.5366666666351,2403.783333333404,218.2200000002,277.8200000006,0.006526183744,1827.0787259275846
2025-07-31 22:00:00,26.346666666666668,51.0,699.716666666521,2406.52666666665,218.436666668,277.0833333338,0.007002051308666667,1827.731091492126
2025-07-31 22:30:00,26.603225806451615,51.0,699.5322580645096,2403.996774193522,218.5354838723871,277.7935483852903,0.006940649042258064,1798.1420390317257
2025-07-31 23:00:00,26.996666666666666,51.0,699.0966666665653,2384.006666666704,218.5533333368,278.7000000008,0.006832098607,1688.682325834427
2025-07-31 23:30:00,27.55666666666667,51.0,697.7866666666529,2390.6699999999205,218.223333332,279.60000000019994,0.006832098607,1461.27552785163
2025-08-01 00:00:00,25.7,51.0,697.599999999467,2405.89999999968,217.999999994,281.400000008,0.00815772968,2380.0930390740086
